2025-12-16 00:00:26 [Telemetry] Node !9e77f1a0: battery 101% (4.553 V), up for 192.0 min (~3.20 h)
2025-12-16 00:01:26 [Telemetry] Node !9e77f1a0: battery 101% (4.531 V), up for 193.0 min (~3.22 h)
2025-12-16 00:02:26 [Telemetry] Node !9e77f1a0: battery 101% (4.502 V), up for 194.0 min (~3.23 h)
2025-12-16 00:03:26 [Telemetry] Node !9e77f1a0: battery 101% (4.631 V), up for 195.0 min (~3.25 h)
2025-12-16 00:04:22 [INFO] Received signal 15, shutting down.
2025-12-16 00:04:22 [INFO] Closing Meshtastic interface
2025-12-16 00:04:25 [INFO] Connecting via TCP 192.168.1.42:4403
2025-12-16 00:04:26 [INFO] Learned my node ID from myInfo: !9e77f1a0
2025-12-16 00:04:26 [INFO] Listener main loop starting
2025-12-16 00:04:26 [INFO] Meshtastic connection established
2025-12-16 00:04:26 [Telemetry] Node !9e77f1a0: battery 101% (4.567 V), up for 196.0 min (~3.27 h)
2025-12-16 00:04:26 [Telemetry] !9e77f1a0 -> ^all: no device metrics in this packet
2025-12-16 00:05:00 [Packet] !1f6d2344 -> ^all on POSITION_APP
2025-12-16 00:05:23 [Telemetry] Node !69855f18: battery 101% (4.312 V), up for 2906.7 min (~48.44 h)
2025-12-16 00:05:26 [Telemetry] Node !9e77f1a0: battery 101% (4.502 V), up for 197.0 min (~3.28 h)
2025-12-16 00:06:26 [Telemetry] Node !9e77f1a0: battery 101% (4.499 V), up for 198.0 min (~3.30 h)
2025-12-16 00:07:27 [Telemetry] Node !9e77f1a0: battery 101% (4.489 V), up for 199.0 min (~3.32 h)
2025-12-16 00:07:49 [INFO] Channel 'default' mapped to local index 0 (Primary)
2025-12-16 00:07:49 [SEND] -> mesh: test (dest=!1f6d2344, ch=Primary)
2025-12-16 00:07:49 [ANNOUNCE-OUT] 66190 (Primary) <- Outbound Meshtastic direct message to 1f6d2344 on Primary. Message: test
2025-12-16 00:07:51 [Packet] !1f6d2344 -> !9e77f1a0 on ROUTING_APP
2025-12-16 00:08:12 [INFO] Channel 'MuhQuail' mapped to local index 4 (MuhQuail)
2025-12-16 00:08:12 [SEND] -> mesh: test (dest=!1f6d2344, ch=MuhQuail)
2025-12-16 00:08:12 [ANNOUNCE-OUT] 66190 (MuhQuail) <- Outbound Meshtastic direct message to 1f6d2344 on MuhQuail. Message: test
2025-12-16 00:08:14 [Packet] !1f6d2344 -> !9e77f1a0 on ROUTING_APP
2025-12-16 00:08:18 [INFO] Received signal 15, shutting down.
2025-12-16 00:08:18 [INFO] Closing Meshtastic interface
2025-12-16 00:08:21 [INFO] Connecting via TCP 192.168.1.42:4403
2025-12-16 00:08:22 [INFO] Meshtastic connection established
2025-12-16 00:08:22 [INFO] Learned my node ID from myInfo: !9e77f1a0
2025-12-16 00:08:22 [INFO] Listener main loop starting
2025-12-16 00:08:26 [Telemetry] Node !9e77f1a0: battery 101% (4.581 V), up for 200.0 min (~3.33 h)
2025-12-16 00:09:26 [Telemetry] Node !9e77f1a0: battery 101% (4.555 V), up for 201.0 min (~3.35 h)
2025-12-16 00:10:26 [Telemetry] Node !9e77f1a0: battery 101% (4.636 V), up for 202.0 min (~3.37 h)
2025-12-16 00:10:52 [Packet] !1f6d2344 -> ^all on POSITION_APP
2025-12-16 00:11:26 [Telemetry] Node !9e77f1a0: battery 101% (4.592 V), up for 203.0 min (~3.38 h)
2025-12-16 00:12:26 [Telemetry] Node !9e77f1a0: battery 101% (4.551 V), up for 204.0 min (~3.40 h)
2025-12-16 00:13:26 [Telemetry] Node !9e77f1a0: battery 101% (4.5 V), up for 205.0 min (~3.42 h)
2025-12-16 00:13:54 [Packet] !1f6d2344 -> ^all on POSITION_APP
2025-12-16 00:14:26 [Telemetry] Node !9e77f1a0: battery 101% (4.512 V), up for 206.0 min (~3.43 h)
2025-12-16 00:14:50 [INFO] Channel 'MuhQuail' mapped to local index 4 (MuhQuail)
2025-12-16 00:14:50 [SEND] -> mesh: test (dest=broadcast, ch=MuhQuail)
2025-12-16 00:14:50 [ANNOUNCE-OUT] 66190 (MuhQuail) <- Outbound Meshtastic broadcast on MuhQuail. Message: test
2025-12-16 00:15:11 [INFO] Channel 'MuhQuail' mapped to local index 4 (MuhQuail)
2025-12-16 00:15:11 [SEND] -> mesh: test (dest=broadcast, ch=MuhQuail)
2025-12-16 00:15:11 [ANNOUNCE-OUT] 66190 (MuhQuail) <- Outbound Meshtastic broadcast on MuhQuail. Message: test
2025-12-16 00:15:25 [Telemetry] Node !1f6d2344: battery 86% (4.008 V), up for 649.3 min (~10.82 h)
2025-12-16 00:15:26 [Telemetry] Node !9e77f1a0: battery 101% (4.58 V), up for 207.0 min (~3.45 h)
2025-12-16 00:16:26 [Telemetry] Node !9e77f1a0: battery 101% (4.508 V), up for 208.0 min (~3.47 h)
2025-12-16 00:17:26 [Telemetry] Node !9e77f1a0: battery 101% (4.602 V), up for 209.0 min (~3.48 h)
2025-12-16 00:17:59 [INFO] Channel 'MuhQuail' mapped to local index 4 (MuhQuail)
2025-12-16 00:17:59 [SEND] -> mesh: test (dest=broadcast, ch=MuhQuail)
2025-12-16 00:17:59 [ANNOUNCE-OUT] 66190 (MuhQuail) <- Outbound Meshtastic broadcast on MuhQuail. Message: test
2025-12-16 00:18:26 [Telemetry] Node !9e77f1a0: battery 101% (4.527 V), up for 210.0 min (~3.50 h)
2025-12-16 00:18:36 [Packet] !69855f18 -> ^all on POSITION_APP
2025-12-16 00:19:26 [Telemetry] Node !9e77f1a0: battery 101% (4.54 V), up for 211.0 min (~3.52 h)
2025-12-16 00:19:26 [Telemetry] !9e77f1a0 -> ^all: no device metrics in this packet
2025-12-16 00:20:23 [INFO] Received signal 15, shutting down.
2025-12-16 00:20:23 [INFO] Closing Meshtastic interface
2025-12-16 00:20:26 [INFO] Connecting via TCP 192.168.1.42:4403
2025-12-16 00:20:27 [INFO] Learned my node ID from myInfo: !9e77f1a0
2025-12-16 00:20:27 [INFO] Listener main loop starting
2025-12-16 00:20:27 [INFO] Meshtastic connection established
2025-12-16 00:20:27 [Telemetry] Node !9e77f1a0: battery 101% (4.569 V), up for 212.0 min (~3.53 h)
2025-12-16 00:21:26 [Telemetry] Node !9e77f1a0: battery 101% (4.588 V), up for 213.0 min (~3.55 h)
2025-12-16 00:22:26 [Telemetry] Node !9e77f1a0: battery 101% (4.567 V), up for 214.0 min (~3.57 h)
2025-12-16 00:23:26 [Telemetry] Node !9e77f1a0: battery 101% (4.496 V), up for 215.0 min (~3.58 h)
2025-12-16 00:23:27 [Telemetry] Node !69855f18: battery 101% (4.316 V), up for 2924.7 min (~48.75 h)
2025-12-16 00:24:26 [Telemetry] Node !9e77f1a0: battery 101% (4.504 V), up for 216.0 min (~3.60 h)
2025-12-16 00:25:24 [Packet] !9e77f1a0 -> ^all on POSITION_APP
2025-12-16 00:25:26 [Telemetry] Node !9e77f1a0: battery 101% (4.548 V), up for 217.0 min (~3.62 h)
2025-12-16 00:26:02 [INFO] Channel 'MuhQuail' mapped to local index 4 (MuhQuail)
2025-12-16 00:26:02 [SEND] -> mesh: test (dest=broadcast, ch=MuhQuail)
2025-12-16 00:26:02 [ANNOUNCE-OUT] 66190 (MuhQuail) <- Outbound Meshtastic broadcast on MuhQuail. Message: test
2025-12-16 00:26:26 [Telemetry] Node !9e77f1a0: battery 101% (4.583 V), up for 218.0 min (~3.63 h)
2025-12-16 00:27:09 [INFO] Channel 'MuhQuail' mapped to local index 4 (MuhQuail)
2025-12-16 00:27:09 [SEND] -> mesh: test (dest=!1f6d2344, ch=MuhQuail)
2025-12-16 00:27:09 [ANNOUNCE-OUT] 66190 (MuhQuail) <- Outbound Meshtastic direct message to 1f6d2344 on MuhQuail. Message: test
2025-12-16 00:27:11 [Packet] !1f6d2344 -> !9e77f1a0 on ROUTING_APP
2025-12-16 00:27:26 [Telemetry] Node !9e77f1a0: battery 101% (4.571 V), up for 219.0 min (~3.65 h)
2025-12-16 00:28:26 [Telemetry] Node !9e77f1a0: battery 101% (4.592 V), up for 220.0 min (~3.67 h)
2025-12-16 00:29:26 [Telemetry] Node !9e77f1a0: battery 101% (4.521 V), up for 221.0 min (~3.68 h)
2025-12-16 00:30:26 [Telemetry] Node !9e77f1a0: battery 101% (4.555 V), up for 222.0 min (~3.70 h)
2025-12-16 00:30:43 [INFO] Received signal 15, shutting down.
2025-12-16 00:30:43 [INFO] Closing Meshtastic interface
2025-12-16 00:30:46 [INFO] Connecting via TCP 192.168.1.42:4403
2025-12-16 00:30:46 [INFO] Learned my node ID from myInfo: !9e77f1a0
2025-12-16 00:30:46 [INFO] Listener main loop starting
2025-12-16 00:30:46 [INFO] Meshtastic connection established
2025-12-16 00:31:26 [Telemetry] Node !9e77f1a0: battery 101% (4.494 V), up for 223.0 min (~3.72 h)
2025-12-16 00:32:26 [Telemetry] Node !9e77f1a0: battery 101% (4.585 V), up for 224.0 min (~3.73 h)
2025-12-16 00:33:25 [Telemetry] Node !1f6d2344: battery 85% (4.004 V), up for 667.3 min (~11.12 h)
2025-12-16 00:33:26 [Telemetry] Node !9e77f1a0: battery 101% (4.534 V), up for 225.0 min (~3.75 h)
2025-12-16 00:34:26 [Telemetry] Node !9e77f1a0: battery 101% (4.544 V), up for 226.0 min (~3.77 h)
2025-12-16 00:34:26 [Telemetry] !9e77f1a0 -> ^all: no device metrics in this packet
2025-12-16 00:35:26 [Telemetry] Node !9e77f1a0: battery 101% (4.6 V), up for 227.0 min (~3.78 h)
2025-12-16 00:36:26 [Telemetry] Node !9e77f1a0: battery 101% (4.65 V), up for 228.0 min (~3.80 h)
2025-12-16 00:37:26 [Telemetry] Node !9e77f1a0: battery 101% (4.635 V), up for 229.0 min (~3.82 h)
2025-12-16 00:38:26 [Telemetry] Node !9e77f1a0: battery 101% (4.598 V), up for 230.0 min (~3.83 h)
2025-12-16 00:39:27 [Telemetry] Node !9e77f1a0: battery 101% (4.502 V), up for 231.1 min (~3.85 h)
2025-12-16 00:40:27 [Telemetry] Node !9e77f1a0: battery 101% (4.597 V), up for 232.1 min (~3.87 h)
2025-12-16 00:41:27 [Telemetry] Node !9e77f1a0: battery 101% (4.564 V), up for 233.1 min (~3.88 h)
2025-12-16 00:41:31 [Telemetry] Node !69855f18: battery 101% (4.319 V), up for 2942.8 min (~49.05 h)
2025-12-16 00:42:27 [Telemetry] Node !9e77f1a0: battery 101% (4.529 V), up for 234.1 min (~3.90 h)
2025-12-16 00:43:27 [Telemetry] Node !9e77f1a0: battery 101% (4.512 V), up for 235.1 min (~3.92 h)
2025-12-16 00:43:39 [INFO] Channel 'MuhQuail' mapped to local index 4 (MuhQuail)
2025-12-16 00:43:39 [SEND] -> mesh: test (dest=broadcast, ch=MuhQuail)
2025-12-16 00:43:39 [ANNOUNCE-OUT] 66190 (MuhQuail) <- Outbound Meshtastic broadcast on MuhQuail. Message: test
2025-12-16 00:44:28 [Telemetry] Node !9e77f1a0: battery 101% (4.505 V), up for 236.1 min (~3.93 h)
2025-12-16 00:45:28 [Telemetry] Node !9e77f1a0: battery 101% (4.581 V), up for 237.1 min (~3.95 h)
2025-12-16 00:46:28 [Telemetry] Node !9e77f1a0: battery 101% (4.53 V), up for 238.1 min (~3.97 h)
2025-12-16 00:47:28 [Telemetry] Node !9e77f1a0: battery 101% (4.6 V), up for 239.1 min (~3.98 h)
2025-12-16 00:48:29 [Telemetry] Node !9e77f1a0: battery 101% (4.555 V), up for 240.1 min (~4.00 h)
2025-12-16 00:49:29 [Telemetry] Node !9e77f1a0: battery 101% (4.525 V), up for 241.1 min (~4.02 h)
2025-12-16 00:49:29 [Telemetry] !9e77f1a0 -> ^all: no device metrics in this packet
2025-12-16 00:49:55 [Packet] !1f6d2344 -> ^all on POSITION_APP
2025-12-16 00:50:29 [Telemetry] Node !9e77f1a0: battery 101% (4.606 V), up for 242.1 min (~4.04 h)
2025-12-16 00:50:41 [INFO] Received signal 15, shutting down.
2025-12-16 00:50:41 [INFO] Closing Meshtastic interface
2025-12-16 00:50:44 [INFO] Connecting via TCP 192.168.1.42:4403
2025-12-16 00:50:45 [INFO] Meshtastic connection established
2025-12-16 00:50:45 [INFO] Learned my node ID from myInfo: !9e77f1a0
2025-12-16 00:50:45 [INFO] Listener main loop starting
2025-12-16 00:51:25 [Telemetry] Node !1f6d2344: battery 85% (4.002 V), up for 685.3 min (~11.42 h)
2025-12-16 00:51:29 [Telemetry] Node !9e77f1a0: battery 101% (4.564 V), up for 243.1 min (~4.05 h)
2025-12-16 00:52:29 [Telemetry] Node !9e77f1a0: battery 101% (4.507 V), up for 244.1 min (~4.07 h)
2025-12-16 00:53:29 [Telemetry] Node !9e77f1a0: battery 101% (4.606 V), up for 245.1 min (~4.08 h)
2025-12-16 00:54:30 [Telemetry] Node !9e77f1a0: battery 101% (4.541 V), up for 246.1 min (~4.10 h)
2025-12-16 00:54:39 [Packet] !69855f18 -> ^all on POSITION_APP
2025-12-16 00:55:30 [Telemetry] Node !9e77f1a0: battery 101% (4.596 V), up for 247.1 min (~4.12 h)
2025-12-16 00:56:30 [Telemetry] Node !9e77f1a0: battery 101% (4.586 V), up for 248.1 min (~4.14 h)
2025-12-16 00:57:31 [Telemetry] Node !9e77f1a0: battery 101% (4.24 V), up for 249.1 min (~4.15 h)
2025-12-16 00:58:31 [Telemetry] Node !9e77f1a0: battery 101% (4.531 V), up for 250.1 min (~4.17 h)
2025-12-16 00:59:31 [Telemetry] Node !9e77f1a0: battery 101% (4.527 V), up for 251.1 min (~4.19 h)
2025-12-16 00:59:35 [Telemetry] Node !69855f18: battery 101% (4.316 V), up for 2960.9 min (~49.35 h)
2025-12-16 01:00:31 [Telemetry] Node !9e77f1a0: battery 101% (4.625 V), up for 252.1 min (~4.20 h)
2025-12-16 01:01:27 [Packet] !9e77f1a0 -> ^all on POSITION_APP
2025-12-16 01:01:31 [INFO] Received signal 15, shutting down.
2025-12-16 01:01:31 [INFO] Closing Meshtastic interface
2025-12-16 01:01:37 [INFO] Connecting via TCP 192.168.1.42:4403
2025-12-16 01:01:38 [INFO] Learned my node ID from myInfo: !9e77f1a0
2025-12-16 01:01:38 [INFO] Listener main loop starting
2025-12-16 01:01:38 [INFO] Meshtastic connection established
2025-12-16 01:02:32 [Telemetry] Node !9e77f1a0: battery 101% (4.561 V), up for 254.1 min (~4.24 h)
2025-12-16 01:03:32 [Telemetry] Node !9e77f1a0: battery 101% (4.532 V), up for 255.1 min (~4.25 h)
2025-12-16 01:04:08 [INFO] Channel 'MuhQuail' mapped to local index 4 (MuhQuail)
2025-12-16 01:04:08 [SEND] -> mesh: test (dest=broadcast, ch=MuhQuail)
2025-12-16 01:04:08 [ANNOUNCE-OUT] 66190 (MuhQuail) <- Outbound Meshtastic broadcast on MuhQuail. Message: test
2025-12-16 01:04:32 [Telemetry] Node !9e77f1a0: battery 101% (4.511 V), up for 256.1 min (~4.27 h)
2025-12-16 01:04:32 [Telemetry] !9e77f1a0 -> ^all: no device metrics in this packet
2025-12-16 01:05:32 [Telemetry] Node !9e77f1a0: battery 101% (4.503 V), up for 257.1 min (~4.29 h)
2025-12-16 01:06:33 [Telemetry] Node !9e77f1a0: battery 101% (4.633 V), up for 258.1 min (~4.30 h)
2025-12-16 01:07:33 [Telemetry] Node !9e77f1a0: battery 101% (4.628 V), up for 259.1 min (~4.32 h)
2025-12-16 01:08:33 [Telemetry] Node !9e77f1a0: battery 101% (4.605 V), up for 260.1 min (~4.34 h)
2025-12-16 01:08:36 [INFO] Received signal 15, shutting down.
2025-12-16 01:08:37 [INFO] Closing Meshtastic interface
2025-12-16 01:08:39 [INFO] Connecting via TCP 192.168.1.42:4403
2025-12-16 01:08:40 [INFO] Meshtastic connection established
2025-12-16 01:08:40 [INFO] Learned my node ID from myInfo: !9e77f1a0
2025-12-16 01:08:40 [INFO] Listener main loop starting
2025-12-16 01:09:25 [Telemetry] Node !1f6d2344: battery 84% (3.992 V), up for 703.3 min (~11.72 h)
2025-12-16 01:09:33 [Telemetry] Node !9e77f1a0: battery 101% (4.498 V), up for 261.2 min (~4.35 h)
2025-12-16 01:10:34 [Telemetry] Node !9e77f1a0: battery 101% (4.566 V), up for 262.2 min (~4.37 h)
2025-12-16 01:11:34 [Telemetry] Node !9e77f1a0: battery 101% (4.544 V), up for 263.2 min (~4.39 h)
2025-12-16 01:12:03 [INFO] Received signal 15, shutting down.
2025-12-16 01:12:04 [INFO] Closing Meshtastic interface
2025-12-16 01:12:06 [INFO] Connecting via TCP 192.168.1.42:4403
2025-12-16 01:12:07 [INFO] Learned my node ID from myInfo: !9e77f1a0
2025-12-16 01:12:07 [INFO] Meshtastic connection established
2025-12-16 01:12:07 [INFO] Listener main loop starting
2025-12-16 01:12:34 [Telemetry] Node !9e77f1a0: battery 101% (4.511 V), up for 264.2 min (~4.40 h)
2025-12-16 01:13:33 [Telemetry] Node !9e77f1a0: battery 101% (4.495 V), up for 265.2 min (~4.42 h)
2025-12-16 01:14:35 [Telemetry] Node !9e77f1a0: battery 101% (4.501 V), up for 266.2 min (~4.44 h)
2025-12-16 01:15:35 [Telemetry] Node !9e77f1a0: battery 101% (4.511 V), up for 267.2 min (~4.45 h)
2025-12-16 01:16:35 [Telemetry] Node !9e77f1a0: battery 101% (4.525 V), up for 268.2 min (~4.47 h)
2025-12-16 01:17:35 [Telemetry] Node !9e77f1a0: battery 101% (4.537 V), up for 269.2 min (~4.49 h)
2025-12-16 01:17:38 [Telemetry] Node !69855f18: battery 101% (4.316 V), up for 2978.9 min (~49.65 h)
2025-12-16 01:18:35 [Telemetry] Node !9e77f1a0: battery 101% (4.548 V), up for 270.2 min (~4.50 h)
2025-12-16 01:19:36 [Telemetry] Node !9e77f1a0: battery 101% (4.488 V), up for 271.2 min (~4.52 h)
2025-12-16 01:19:36 [Telemetry] !9e77f1a0 -> ^all: no device metrics in this packet
2025-12-16 01:20:36 [Telemetry] Node !9e77f1a0: battery 101% (4.598 V), up for 272.2 min (~4.54 h)
2025-12-16 01:21:36 [Telemetry] Node !9e77f1a0: battery 101% (4.625 V), up for 273.2 min (~4.55 h)
2025-12-16 01:22:36 [Telemetry] Node !9e77f1a0: battery 101% (4.663 V), up for 274.2 min (~4.57 h)
2025-12-16 01:23:36 [Telemetry] Node !9e77f1a0: battery 101% (4.58 V), up for 275.2 min (~4.59 h)
2025-12-16 01:24:37 [Telemetry] Node !9e77f1a0: battery 101% (4.476 V), up for 276.2 min (~4.60 h)
2025-12-16 01:25:37 [Telemetry] Node !9e77f1a0: battery 101% (4.61 V), up for 277.2 min (~4.62 h)
2025-12-16 01:25:55 [Packet] !1f6d2344 -> ^all on POSITION_APP
2025-12-16 01:26:37 [Telemetry] Node !9e77f1a0: battery 101% (4.566 V), up for 278.2 min (~4.64 h)
2025-12-16 01:26:45 [Packet] !1f6d2344 -> ^all on NODEINFO_APP
2025-12-16 01:27:25 [Telemetry] Node !1f6d2344: battery 83% (3.989 V), up for 721.3 min (~12.02 h)
2025-12-16 01:27:37 [Telemetry] Node !9e77f1a0: battery 101% (4.52 V), up for 279.2 min (~4.65 h)
2025-12-16 01:28:37 [Telemetry] Node !9e77f1a0: battery 101% (4.555 V), up for 280.2 min (~4.67 h)
2025-12-16 01:29:38 [Telemetry] Node !9e77f1a0: battery 101% (4.558 V), up for 281.2 min (~4.69 h)
2025-12-16 01:30:38 [Telemetry] Node !9e77f1a0: battery 101% (4.529 V), up for 282.2 min (~4.70 h)
2025-12-16 01:30:41 [Packet] !69855f18 -> ^all on POSITION_APP
2025-12-16 01:31:38 [Telemetry] Node !9e77f1a0: battery 101% (4.559 V), up for 283.2 min (~4.72 h)
2025-12-16 01:32:38 [Telemetry] Node !9e77f1a0: battery 101% (4.621 V), up for 284.2 min (~4.74 h)
2025-12-16 01:33:38 [Telemetry] Node !9e77f1a0: battery 101% (4.584 V), up for 285.2 min (~4.75 h)
2025-12-16 01:34:39 [Telemetry] Node !9e77f1a0: battery 101% (4.479 V), up for 286.2 min (~4.77 h)
2025-12-16 01:34:39 [Telemetry] !9e77f1a0 -> ^all: no device metrics in this packet
2025-12-16 01:35:39 [Telemetry] Node !9e77f1a0: battery 101% (4.612 V), up for 287.2 min (~4.79 h)
2025-12-16 01:35:42 [Telemetry] Node !69855f18: battery 101% (4.316 V), up for 2997.0 min (~49.95 h)
2025-12-16 01:36:39 [Telemetry] Node !9e77f1a0: battery 101% (4.539 V), up for 288.2 min (~4.80 h)
2025-12-16 01:37:29 [Packet] !9e77f1a0 -> ^all on POSITION_APP
2025-12-16 01:37:39 [Telemetry] Node !9e77f1a0: battery 101% (4.58 V), up for 289.2 min (~4.82 h)
2025-12-16 01:38:39 [Telemetry] Node !9e77f1a0: battery 101% (4.654 V), up for 290.2 min (~4.84 h)
2025-12-16 01:39:40 [Telemetry] Node !9e77f1a0: battery 101% (4.538 V), up for 291.3 min (~4.85 h)
2025-12-16 01:40:40 [Telemetry] Node !9e77f1a0: battery 101% (4.561 V), up for 292.3 min (~4.87 h)
2025-12-16 01:41:40 [Telemetry] Node !9e77f1a0: battery 101% (4.599 V), up for 293.3 min (~4.89 h)
2025-12-16 01:42:40 [Telemetry] Node !9e77f1a0: battery 101% (4.61 V), up for 294.3 min (~4.90 h)
2025-12-16 01:43:40 [Telemetry] Node !9e77f1a0: battery 101% (4.622 V), up for 295.3 min (~4.92 h)
2025-12-16 01:44:41 [Telemetry] Node !9e77f1a0: battery 101% (4.527 V), up for 296.3 min (~4.94 h)
2025-12-16 01:45:25 [Telemetry] Node !1f6d2344: battery 82% (3.982 V), up for 739.3 min (~12.32 h)
2025-12-16 01:45:41 [Telemetry] Node !9e77f1a0: battery 101% (4.621 V), up for 297.3 min (~4.95 h)
2025-12-16 01:46:41 [Telemetry] Node !9e77f1a0: battery 101% (4.628 V), up for 298.3 min (~4.97 h)
2025-12-16 01:47:41 [Telemetry] Node !9e77f1a0: battery 101% (4.6 V), up for 299.3 min (~4.99 h)
2025-12-16 01:48:41 [Telemetry] Node !9e77f1a0: battery 101% (4.565 V), up for 300.3 min (~5.00 h)
2025-12-16 01:49:42 [Telemetry] Node !9e77f1a0: battery 101% (4.56 V), up for 301.3 min (~5.02 h)
2025-12-16 01:49:42 [Telemetry] !9e77f1a0 -> ^all: no device metrics in this packet
2025-12-16 01:50:42 [Telemetry] Node !9e77f1a0: battery 101% (4.558 V), up for 302.3 min (~5.04 h)
2025-12-16 01:51:42 [Telemetry] Node !9e77f1a0: battery 101% (4.527 V), up for 303.3 min (~5.06 h)
2025-12-16 01:52:42 [Telemetry] Node !9e77f1a0: battery 101% (4.502 V), up for 304.3 min (~5.07 h)
2025-12-16 01:53:42 [Telemetry] Node !9e77f1a0: battery 101% (4.486 V), up for 305.3 min (~5.09 h)
2025-12-16 01:53:45 [Telemetry] Node !69855f18: battery 101% (4.316 V), up for 3015.0 min (~50.25 h)
2025-12-16 01:54:43 [Telemetry] Node !9e77f1a0: battery 101% (4.431 V), up for 306.3 min (~5.11 h)
2025-12-16 01:55:43 [Telemetry] Node !9e77f1a0: battery 101% (4.533 V), up for 307.3 min (~5.12 h)
2025-12-16 01:56:43 [Telemetry] Node !9e77f1a0: battery 101% (4.551 V), up for 308.3 min (~5.14 h)
2025-12-16 01:57:43 [Telemetry] Node !9e77f1a0: battery 101% (4.545 V), up for 309.3 min (~5.16 h)
2025-12-16 01:58:43 [Telemetry] Node !9e77f1a0: battery 101% (4.532 V), up for 310.3 min (~5.17 h)
2025-12-16 01:59:44 [Telemetry] Node !9e77f1a0: battery 101% (4.539 V), up for 311.3 min (~5.19 h)
2025-12-16 02:00:44 [Telemetry] Node !9e77f1a0: battery 101% (4.549 V), up for 312.3 min (~5.21 h)
2025-12-16 02:01:44 [Telemetry] Node !9e77f1a0: battery 101% (4.56 V), up for 313.3 min (~5.22 h)
2025-12-16 02:01:55 [Packet] !1f6d2344 -> ^all on POSITION_APP
2025-12-16 02:02:44 [Telemetry] Node !9e77f1a0: battery 101% (4.546 V), up for 314.3 min (~5.24 h)
2025-12-16 02:03:26 [Telemetry] Node !1f6d2344: battery 82% (3.979 V), up for 757.3 min (~12.62 h)
2025-12-16 02:03:44 [Telemetry] Node !9e77f1a0: battery 101% (4.568 V), up for 315.3 min (~5.26 h)
2025-12-16 02:04:45 [Telemetry] Node !9e77f1a0: battery 101% (4.496 V), up for 316.4 min (~5.27 h)
2025-12-16 02:04:45 [Telemetry] !9e77f1a0 -> ^all: no device metrics in this packet
2025-12-16 02:05:45 [Telemetry] Node !9e77f1a0: battery 101% (4.608 V), up for 317.4 min (~5.29 h)
2025-12-16 02:06:43 [Packet] !69855f18 -> ^all on POSITION_APP
2025-12-16 02:06:45 [Telemetry] Node !9e77f1a0: battery 101% (4.627 V), up for 318.4 min (~5.31 h)
2025-12-16 02:07:45 [Telemetry] Node !9e77f1a0: battery 101% (4.622 V), up for 319.4 min (~5.32 h)
2025-12-16 02:08:45 [Telemetry] Node !9e77f1a0: battery 101% (4.617 V), up for 320.4 min (~5.34 h)
2025-12-16 02:09:46 [Telemetry] Node !9e77f1a0: battery 101% (4.495 V), up for 321.4 min (~5.36 h)
2025-12-16 02:10:46 [Telemetry] Node !9e77f1a0: battery 101% (4.572 V), up for 322.4 min (~5.37 h)
2025-12-16 02:11:46 [Telemetry] Node !9e77f1a0: battery 101% (4.574 V), up for 323.4 min (~5.39 h)
2025-12-16 02:11:49 [Telemetry] Node !69855f18: battery 101% (4.319 V), up for 3033.1 min (~50.55 h)
2025-12-16 02:12:46 [Telemetry] Node !9e77f1a0: battery 101% (4.562 V), up for 324.4 min (~5.41 h)
2025-12-16 02:13:31 [Packet] !9e77f1a0 -> ^all on POSITION_APP
2025-12-16 02:13:46 [Telemetry] Node !9e77f1a0: battery 101% (4.533 V), up for 325.4 min (~5.42 h)
2025-12-16 02:14:47 [Telemetry] Node !9e77f1a0: battery 101% (4.516 V), up for 326.4 min (~5.44 h)
2025-12-16 02:15:47 [Telemetry] Node !9e77f1a0: battery 101% (4.503 V), up for 327.4 min (~5.46 h)
2025-12-16 02:16:47 [Telemetry] Node !9e77f1a0: battery 101% (4.581 V), up for 328.4 min (~5.47 h)
2025-12-16 02:17:47 [Telemetry] Node !9e77f1a0: battery 101% (4.635 V), up for 329.4 min (~5.49 h)
2025-12-16 02:18:47 [Telemetry] Node !9e77f1a0: battery 101% (4.631 V), up for 330.4 min (~5.51 h)
2025-12-16 02:19:48 [Telemetry] Node !9e77f1a0: battery 101% (4.531 V), up for 331.4 min (~5.52 h)
2025-12-16 02:19:48 [Telemetry] !9e77f1a0 -> ^all: no device metrics in this packet
2025-12-16 02:20:48 [Telemetry] Node !9e77f1a0: battery 101% (4.619 V), up for 332.4 min (~5.54 h)
2025-12-16 02:21:26 [Telemetry] Node !1f6d2344: battery 82% (3.977 V), up for 775.3 min (~12.92 h)
2025-12-16 02:21:48 [Telemetry] Node !9e77f1a0: battery 101% (4.629 V), up for 333.4 min (~5.56 h)
2025-12-16 02:22:48 [Telemetry] Node !9e77f1a0: battery 101% (4.635 V), up for 334.4 min (~5.57 h)
2025-12-16 02:23:48 [Telemetry] Node !9e77f1a0: battery 101% (4.632 V), up for 335.4 min (~5.59 h)
2025-12-16 02:24:49 [Telemetry] Node !9e77f1a0: battery 101% (4.548 V), up for 336.4 min (~5.61 h)
2025-12-16 02:25:49 [Telemetry] Node !9e77f1a0: battery 101% (4.544 V), up for 337.4 min (~5.62 h)
2025-12-16 02:27:06 [Telemetry] Node !9e77f1a0: battery 101% (4.508 V), up for 338.4 min (~5.64 h)
2025-12-16 02:31:11 [Telemetry] Node !9e77f1a0: battery 101% (4.533 V), up for 339.4 min (~5.66 h)
2025-12-16 02:31:12 [Telemetry] Node !9e77f1a0: battery 101% (4.558 V), up for 340.4 min (~5.67 h)
2025-12-16 02:31:12 [Telemetry] Node !9e77f1a0: battery 101% (4.497 V), up for 341.4 min (~5.69 h)
2025-12-16 02:31:12 [Telemetry] Node !69855f18: battery 101% (4.316 V), up for 3051.2 min (~50.85 h)
2025-12-16 02:31:12 [Telemetry] Node !9e77f1a0: battery 101% (4.589 V), up for 342.4 min (~5.71 h)
2025-12-16 02:31:12 [Packet] !1f6d2344 -> ^all on POSITION_APP
2025-12-16 02:31:50 [Telemetry] Node !9e77f1a0: battery 101% (4.643 V), up for 343.4 min (~5.72 h)
2025-12-16 02:32:50 [Telemetry] Node !9e77f1a0: battery 101% (4.678 V), up for 344.4 min (~5.74 h)
2025-12-16 02:33:50 [Telemetry] Node !9e77f1a0: battery 101% (4.548 V), up for 345.4 min (~5.76 h)
2025-12-16 02:34:51 [Telemetry] Node !9e77f1a0: battery 101% (4.527 V), up for 346.4 min (~5.77 h)
2025-12-16 02:34:51 [Telemetry] !9e77f1a0 -> ^all: no device metrics in this packet
2025-12-16 02:35:51 [Telemetry] Node !9e77f1a0: battery 101% (4.501 V), up for 347.4 min (~5.79 h)
2025-12-16 02:36:51 [Telemetry] Node !9e77f1a0: battery 101% (4.513 V), up for 348.4 min (~5.81 h)
2025-12-16 02:37:51 [Telemetry] Node !9e77f1a0: battery 101% (4.546 V), up for 349.4 min (~5.82 h)
2025-12-16 02:38:51 [Telemetry] Node !9e77f1a0: battery 101% (4.593 V), up for 350.4 min (~5.84 h)
2025-12-16 02:39:21 [Packet] !69855f18 -> ^all on NODEINFO_APP
2025-12-16 02:39:26 [Telemetry] Node !1f6d2344: battery 81% (3.973 V), up for 793.3 min (~13.22 h)
2025-12-16 02:39:52 [Telemetry] Node !9e77f1a0: battery 101% (4.517 V), up for 351.5 min (~5.86 h)
2025-12-16 02:40:52 [Telemetry] Node !9e77f1a0: battery 101% (4.624 V), up for 352.5 min (~5.87 h)
2025-12-16 02:41:52 [Telemetry] Node !9e77f1a0: battery 101% (4.648 V), up for 353.5 min (~5.89 h)
2025-12-16 02:42:46 [Packet] !69855f18 -> ^all on POSITION_APP
2025-12-16 02:42:52 [Telemetry] Node !9e77f1a0: battery 101% (4.635 V), up for 354.5 min (~5.91 h)
2025-12-16 02:43:52 [Telemetry] Node !9e77f1a0: battery 101% (4.632 V), up for 355.5 min (~5.92 h)
2025-12-16 02:44:53 [Telemetry] Node !9e77f1a0: battery 101% (4.532 V), up for 356.5 min (~5.94 h)
2025-12-16 02:45:53 [Telemetry] Node !9e77f1a0: battery 101% (4.606 V), up for 357.5 min (~5.96 h)
2025-12-16 02:46:53 [Telemetry] Node !9e77f1a0: battery 101% (4.605 V), up for 358.5 min (~5.97 h)
2025-12-16 02:47:53 [Telemetry] Node !9e77f1a0: battery 101% (4.586 V), up for 359.5 min (~5.99 h)
2025-12-16 02:47:56 [Telemetry] Node !69855f18: battery 101% (4.319 V), up for 3069.2 min (~51.15 h)
2025-12-16 02:48:53 [Telemetry] Node !9e77f1a0: battery 101% (4.58 V), up for 360.5 min (~6.01 h)
2025-12-16 02:49:33 [Packet] !9e77f1a0 -> ^all on POSITION_APP
2025-12-16 02:49:54 [Telemetry] Node !9e77f1a0: battery 101% (4.573 V), up for 361.5 min (~6.03 h)
2025-12-16 02:49:54 [Telemetry] !9e77f1a0 -> ^all: no device metrics in this packet
2025-12-16 02:50:54 [Telemetry] Node !9e77f1a0: battery 101% (4.569 V), up for 362.5 min (~6.04 h)
2025-12-16 02:51:54 [Telemetry] Node !9e77f1a0: battery 101% (4.528 V), up for 363.5 min (~6.06 h)
2025-12-16 02:52:12 [Packet] !1f6d2344 -> ^all on POSITION_APP
2025-12-16 02:52:54 [Telemetry] Node !9e77f1a0: battery 101% (4.499 V), up for 364.5 min (~6.08 h)
2025-12-16 02:53:54 [Telemetry] Node !9e77f1a0: battery 101% (4.584 V), up for 365.5 min (~6.09 h)
2025-12-16 02:54:55 [Telemetry] Node !9e77f1a0: battery 101% (4.539 V), up for 366.5 min (~6.11 h)
2025-12-16 02:55:55 [Telemetry] Node !9e77f1a0: battery 101% (4.602 V), up for 367.5 min (~6.13 h)
2025-12-16 02:56:55 [Telemetry] Node !9e77f1a0: battery 101% (4.573 V), up for 368.5 min (~6.14 h)
2025-12-16 02:57:26 [Telemetry] Node !1f6d2344: battery 81% (3.97 V), up for 811.3 min (~13.52 h)
2025-12-16 02:57:55 [Telemetry] Node !9e77f1a0: battery 101% (4.548 V), up for 369.5 min (~6.16 h)
2025-12-16 02:58:55 [Telemetry] Node !9e77f1a0: battery 101% (4.521 V), up for 370.5 min (~6.18 h)
2025-12-16 02:59:56 [Telemetry] Node !9e77f1a0: battery 101% (4.549 V), up for 371.5 min (~6.19 h)
2025-12-16 03:00:56 [Telemetry] Node !9e77f1a0: battery 101% (4.513 V), up for 372.5 min (~6.21 h)
2025-12-16 03:01:56 [Telemetry] Node !9e77f1a0: battery 101% (4.501 V), up for 373.5 min (~6.23 h)
2025-12-16 03:02:56 [Telemetry] Node !9e77f1a0: battery 101% (4.502 V), up for 374.5 min (~6.24 h)
2025-12-16 03:03:56 [Telemetry] Node !9e77f1a0: battery 101% (4.496 V), up for 375.5 min (~6.26 h)
2025-12-16 03:04:57 [Telemetry] Node !9e77f1a0: battery 101% (4.54 V), up for 376.6 min (~6.28 h)
2025-12-16 03:04:57 [Telemetry] !9e77f1a0 -> ^all: no device metrics in this packet
2025-12-16 03:05:57 [Telemetry] Node !9e77f1a0: battery 101% (4.572 V), up for 377.6 min (~6.29 h)
2025-12-16 03:06:01 [Telemetry] Node !69855f18: battery 101% (4.313 V), up for 3087.3 min (~51.46 h)
2025-12-16 03:06:57 [Telemetry] Node !9e77f1a0: battery 101% (4.562 V), up for 378.6 min (~6.31 h)
2025-12-16 03:07:57 [Telemetry] Node !9e77f1a0: battery 101% (4.532 V), up for 379.6 min (~6.33 h)
2025-12-16 03:08:57 [Telemetry] Node !9e77f1a0: battery 101% (4.522 V), up for 380.6 min (~6.34 h)
2025-12-16 03:09:58 [Telemetry] Node !9e77f1a0: battery 101% (4.53 V), up for 381.6 min (~6.36 h)
2025-12-16 03:10:58 [Telemetry] Node !9e77f1a0: battery 101% (4.536 V), up for 382.6 min (~6.38 h)
2025-12-16 03:11:58 [Telemetry] Node !9e77f1a0: battery 101% (4.591 V), up for 383.6 min (~6.39 h)
2025-12-16 03:12:58 [Telemetry] Node !9e77f1a0: battery 101% (4.623 V), up for 384.6 min (~6.41 h)
2025-12-16 03:13:58 [Telemetry] Node !9e77f1a0: battery 101% (4.57 V), up for 385.6 min (~6.43 h)
2025-12-16 03:14:59 [Telemetry] Node !9e77f1a0: battery 101% (4.521 V), up for 386.6 min (~6.44 h)
2025-12-16 03:15:26 [Telemetry] Node !1f6d2344: battery 81% (3.968 V), up for 829.3 min (~13.82 h)
2025-12-16 03:15:59 [Telemetry] Node !9e77f1a0: battery 101% (4.501 V), up for 387.6 min (~6.46 h)
2025-12-16 03:16:59 [Telemetry] Node !9e77f1a0: battery 101% (4.64 V), up for 388.6 min (~6.48 h)
2025-12-16 03:17:59 [Telemetry] Node !9e77f1a0: battery 101% (4.608 V), up for 389.6 min (~6.49 h)
2025-12-16 03:18:48 [Packet] !69855f18 -> ^all on POSITION_APP
2025-12-16 03:18:59 [Telemetry] Node !9e77f1a0: battery 101% (4.547 V), up for 390.6 min (~6.51 h)
2025-12-16 03:20:00 [Telemetry] Node !9e77f1a0: battery 101% (4.496 V), up for 391.6 min (~6.53 h)
2025-12-16 03:20:00 [Telemetry] !9e77f1a0 -> ^all: no device metrics in this packet
2025-12-16 03:21:00 [Telemetry] Node !9e77f1a0: battery 101% (4.484 V), up for 392.6 min (~6.54 h)
2025-12-16 03:22:00 [Telemetry] Node !9e77f1a0: battery 101% (4.63 V), up for 393.6 min (~6.56 h)
2025-12-16 03:23:00 [Telemetry] Node !9e77f1a0: battery 101% (4.594 V), up for 394.6 min (~6.58 h)
2025-12-16 03:24:00 [Telemetry] Node !9e77f1a0: battery 101% (4.554 V), up for 395.6 min (~6.59 h)
2025-12-16 03:24:04 [Telemetry] Node !69855f18: battery 101% (4.316 V), up for 3105.3 min (~51.76 h)
2025-12-16 03:25:01 [Telemetry] Node !9e77f1a0: battery 101% (4.539 V), up for 396.6 min (~6.61 h)
2025-12-16 03:25:36 [Packet] !9e77f1a0 -> ^all on POSITION_APP
2025-12-16 03:26:01 [Telemetry] Node !9e77f1a0: battery 101% (4.533 V), up for 397.6 min (~6.63 h)
2025-12-16 03:27:01 [Telemetry] Node !9e77f1a0: battery 101% (4.502 V), up for 398.6 min (~6.64 h)
2025-12-16 03:28:01 [Telemetry] Node !9e77f1a0: battery 101% (4.536 V), up for 399.6 min (~6.66 h)
2025-12-16 03:28:15 [Packet] !1f6d2344 -> ^all on POSITION_APP
2025-12-16 03:29:01 [Telemetry] Node !9e77f1a0: battery 101% (4.546 V), up for 400.6 min (~6.68 h)
2025-12-16 03:30:02 [Telemetry] Node !9e77f1a0: battery 101% (4.543 V), up for 401.6 min (~6.69 h)
2025-12-16 03:31:02 [Telemetry] Node !9e77f1a0: battery 101% (4.57 V), up for 402.6 min (~6.71 h)
2025-12-16 03:32:02 [Telemetry] Node !9e77f1a0: battery 101% (4.573 V), up for 403.6 min (~6.73 h)
2025-12-16 03:33:02 [Telemetry] Node !9e77f1a0: battery 101% (4.588 V), up for 404.6 min (~6.74 h)
2025-12-16 03:33:26 [Telemetry] Node !1f6d2344: battery 80% (3.961 V), up for 847.3 min (~14.12 h)
2025-12-16 03:34:02 [Telemetry] Node !9e77f1a0: battery 101% (4.607 V), up for 405.6 min (~6.76 h)
2025-12-16 03:35:03 [Telemetry] Node !9e77f1a0: battery 101% (4.569 V), up for 406.6 min (~6.78 h)
2025-12-16 03:35:03 [Telemetry] !9e77f1a0 -> ^all: no device metrics in this packet
2025-12-16 03:36:03 [Telemetry] Node !9e77f1a0: battery 101% (4.528 V), up for 407.6 min (~6.79 h)
2025-12-16 03:37:03 [Telemetry] Node !9e77f1a0: battery 101% (4.538 V), up for 408.6 min (~6.81 h)
2025-12-16 03:38:03 [Telemetry] Node !9e77f1a0: battery 101% (4.574 V), up for 409.6 min (~6.83 h)
2025-12-16 03:39:04 [Telemetry] Node !9e77f1a0: battery 101% (4.604 V), up for 410.6 min (~6.84 h)
2025-12-16 03:40:04 [Telemetry] Node !9e77f1a0: battery 101% (4.56 V), up for 411.7 min (~6.86 h)
2025-12-16 03:41:04 [Telemetry] Node !9e77f1a0: battery 101% (4.51 V), up for 412.7 min (~6.88 h)
2025-12-16 03:42:04 [Telemetry] Node !9e77f1a0: battery 101% (4.496 V), up for 413.7 min (~6.89 h)
2025-12-16 03:42:08 [Telemetry] Node !69855f18: battery 101% (4.316 V), up for 3123.4 min (~52.06 h)
2025-12-16 03:43:04 [Telemetry] Node !9e77f1a0: battery 101% (4.503 V), up for 414.7 min (~6.91 h)
2025-12-16 03:44:05 [Telemetry] Node !9e77f1a0: battery 101% (4.629 V), up for 415.7 min (~6.93 h)
2025-12-16 03:45:05 [Telemetry] Node !9e77f1a0: battery 101% (4.585 V), up for 416.7 min (~6.94 h)
2025-12-16 03:46:05 [Telemetry] Node !9e77f1a0: battery 101% (4.509 V), up for 417.7 min (~6.96 h)
2025-12-16 03:47:05 [Telemetry] Node !9e77f1a0: battery 101% (4.647 V), up for 418.7 min (~6.98 h)
2025-12-16 03:48:06 [Telemetry] Node !9e77f1a0: battery 101% (4.612 V), up for 419.7 min (~7.00 h)
2025-12-16 03:49:06 [Telemetry] Node !9e77f1a0: battery 101% (4.558 V), up for 420.7 min (~7.01 h)
2025-12-16 03:50:06 [Telemetry] Node !9e77f1a0: battery 101% (4.524 V), up for 421.7 min (~7.03 h)
2025-12-16 03:50:06 [Telemetry] !9e77f1a0 -> ^all: no device metrics in this packet
2025-12-16 03:51:06 [Telemetry] Node !9e77f1a0: battery 101% (4.501 V), up for 422.7 min (~7.05 h)
2025-12-16 03:51:27 [Telemetry] Node !1f6d2344: battery 80% (3.96 V), up for 865.3 min (~14.42 h)
2025-12-16 03:52:06 [Telemetry] Node !9e77f1a0: battery 101% (4.629 V), up for 423.7 min (~7.06 h)
2025-12-16 03:53:07 [Telemetry] Node !9e77f1a0: battery 101% (4.577 V), up for 424.7 min (~7.08 h)
2025-12-16 03:54:07 [Telemetry] Node !9e77f1a0: battery 101% (4.524 V), up for 425.7 min (~7.10 h)
2025-12-16 03:54:50 [Packet] !69855f18 -> ^all on POSITION_APP
2025-12-16 03:55:07 [Telemetry] Node !9e77f1a0: battery 101% (4.541 V), up for 426.7 min (~7.11 h)
2025-12-16 03:56:07 [Telemetry] Node !9e77f1a0: battery 101% (4.491 V), up for 427.7 min (~7.13 h)
2025-12-16 03:57:07 [Telemetry] Node !9e77f1a0: battery 101% (4.637 V), up for 428.7 min (~7.15 h)
2025-12-16 03:58:08 [Telemetry] Node !9e77f1a0: battery 101% (4.601 V), up for 429.7 min (~7.16 h)
2025-12-16 03:59:08 [Telemetry] Node !9e77f1a0: battery 101% (4.579 V), up for 430.7 min (~7.18 h)
2025-12-16 04:00:08 [Telemetry] Node !9e77f1a0: battery 101% (4.505 V), up for 431.8 min (~7.20 h)
2025-12-16 04:00:12 [Telemetry] Node !69855f18: battery 101% (4.316 V), up for 3141.5 min (~52.36 h)
2025-12-16 04:01:08 [Telemetry] Node !9e77f1a0: battery 101% (4.612 V), up for 432.8 min (~7.21 h)
2025-12-16 04:01:38 [Packet] !9e77f1a0 -> ^all on POSITION_APP
2025-12-16 04:02:09 [Telemetry] Node !9e77f1a0: battery 101% (4.622 V), up for 433.8 min (~7.23 h)
2025-12-16 04:03:09 [Telemetry] Node !9e77f1a0: battery 101% (4.601 V), up for 434.8 min (~7.25 h)
2025-12-16 04:04:09 [Telemetry] Node !9e77f1a0: battery 101% (4.59 V), up for 435.8 min (~7.26 h)
2025-12-16 04:04:15 [Packet] !1f6d2344 -> ^all on POSITION_APP
2025-12-16 04:05:09 [Telemetry] Node !9e77f1a0: battery 101% (4.512 V), up for 436.8 min (~7.28 h)
2025-12-16 04:05:09 [Telemetry] !9e77f1a0 -> ^all: no device metrics in this packet
2025-12-16 04:06:09 [Telemetry] Node !9e77f1a0: battery 101% (4.611 V), up for 437.8 min (~7.30 h)
2025-12-16 04:07:10 [Telemetry] Node !9e77f1a0: battery 101% (4.631 V), up for 438.8 min (~7.31 h)
2025-12-16 04:08:10 [Telemetry] Node !9e77f1a0: battery 101% (4.617 V), up for 439.8 min (~7.33 h)
2025-12-16 04:09:10 [Telemetry] Node !9e77f1a0: battery 101% (4.593 V), up for 440.8 min (~7.35 h)
2025-12-16 04:09:27 [Telemetry] Node !1f6d2344: battery 79% (3.955 V), up for 883.3 min (~14.72 h)
2025-12-16 04:10:10 [Telemetry] Node !9e77f1a0: battery 101% (4.568 V), up for 441.8 min (~7.36 h)
2025-12-16 04:11:11 [Telemetry] Node !9e77f1a0: battery 101% (4.566 V), up for 442.8 min (~7.38 h)
2025-12-16 04:12:11 [Telemetry] Node !9e77f1a0: battery 101% (4.526 V), up for 443.8 min (~7.40 h)
2025-12-16 04:13:11 [Telemetry] Node !9e77f1a0: battery 101% (4.578 V), up for 444.8 min (~7.41 h)
2025-12-16 04:14:11 [Telemetry] Node !9e77f1a0: battery 101% (4.609 V), up for 445.8 min (~7.43 h)
2025-12-16 04:15:11 [Telemetry] Node !9e77f1a0: battery 101% (4.554 V), up for 446.8 min (~7.45 h)
2025-12-16 04:16:12 [Telemetry] Node !9e77f1a0: battery 101% (4.539 V), up for 447.8 min (~7.46 h)
2025-12-16 04:17:12 [Telemetry] Node !9e77f1a0: battery 101% (4.503 V), up for 448.8 min (~7.48 h)
2025-12-16 04:18:12 [Telemetry] Node !9e77f1a0: battery 101% (4.603 V), up for 449.8 min (~7.50 h)
2025-12-16 04:18:15 [Telemetry] Node !69855f18: battery 101% (4.316 V), up for 3159.5 min (~52.66 h)
2025-12-16 04:19:12 [Telemetry] Node !9e77f1a0: battery 101% (4.588 V), up for 450.8 min (~7.51 h)
2025-12-16 04:20:13 [Telemetry] Node !9e77f1a0: battery 101% (4.563 V), up for 451.8 min (~7.53 h)
2025-12-16 04:20:13 [Telemetry] !9e77f1a0 -> ^all: no device metrics in this packet
2025-12-16 04:21:13 [Telemetry] Node !9e77f1a0: battery 101% (4.566 V), up for 452.8 min (~7.55 h)
2025-12-16 04:22:13 [Telemetry] Node !9e77f1a0: battery 101% (4.538 V), up for 453.8 min (~7.56 h)
2025-12-16 04:23:13 [Telemetry] Node !9e77f1a0: battery 101% (4.52 V), up for 454.8 min (~7.58 h)
2025-12-16 04:24:13 [Telemetry] Node !9e77f1a0: battery 101% (4.513 V), up for 455.8 min (~7.60 h)
2025-12-16 04:25:14 [Telemetry] Node !9e77f1a0: battery 101% (4.538 V), up for 456.8 min (~7.61 h)
2025-12-16 04:26:14 [Telemetry] Node !9e77f1a0: battery 101% (4.543 V), up for 457.8 min (~7.63 h)
2025-12-16 04:26:45 [Packet] !1f6d2344 -> ^all on NODEINFO_APP
2025-12-16 04:27:14 [Telemetry] Node !9e77f1a0: battery 101% (4.567 V), up for 458.8 min (~7.65 h)
2025-12-16 04:27:27 [Telemetry] Node !1f6d2344: battery 79% (3.951 V), up for 901.4 min (~15.02 h)
2025-12-16 04:28:14 [Telemetry] Node !9e77f1a0: battery 101% (4.59 V), up for 459.8 min (~7.66 h)
2025-12-16 04:29:14 [Telemetry] Node !9e77f1a0: battery 101% (4.626 V), up for 460.8 min (~7.68 h)
2025-12-16 04:30:15 [Telemetry] Node !9e77f1a0: battery 101% (4.55 V), up for 461.9 min (~7.70 h)
2025-12-16 04:30:53 [Packet] !69855f18 -> ^all on POSITION_APP
2025-12-16 04:31:15 [Telemetry] Node !9e77f1a0: battery 101% (4.537 V), up for 462.9 min (~7.71 h)
2025-12-16 04:32:15 [Telemetry] Node !9e77f1a0: battery 101% (4.568 V), up for 463.9 min (~7.73 h)
2025-12-16 04:33:15 [Telemetry] Node !9e77f1a0: battery 101% (4.602 V), up for 464.9 min (~7.75 h)
2025-12-16 04:34:15 [Telemetry] Node !9e77f1a0: battery 101% (4.626 V), up for 465.9 min (~7.76 h)
2025-12-16 04:35:16 [Telemetry] Node !9e77f1a0: battery 101% (4.58 V), up for 466.9 min (~7.78 h)
2025-12-16 04:35:16 [Telemetry] !9e77f1a0 -> ^all: no device metrics in this packet
2025-12-16 04:36:16 [Telemetry] Node !9e77f1a0: battery 101% (4.546 V), up for 467.9 min (~7.80 h)
2025-12-16 04:36:19 [Telemetry] Node !69855f18: battery 101% (4.313 V), up for 3177.6 min (~52.96 h)
2025-12-16 04:37:16 [Telemetry] Node !9e77f1a0: battery 101% (4.6 V), up for 468.9 min (~7.81 h)
2025-12-16 04:37:41 [Packet] !9e77f1a0 -> ^all on POSITION_APP
2025-12-16 04:38:16 [Telemetry] Node !9e77f1a0: battery 101% (4.628 V), up for 469.9 min (~7.83 h)
2025-12-16 04:39:16 [Telemetry] Node !9e77f1a0: battery 101% (4.657 V), up for 470.9 min (~7.85 h)
2025-12-16 04:40:15 [Packet] !1f6d2344 -> ^all on POSITION_APP
2025-12-16 04:40:17 [Telemetry] Node !9e77f1a0: battery 101% (4.583 V), up for 471.9 min (~7.86 h)
2025-12-16 04:41:17 [Telemetry] Node !9e77f1a0: battery 101% (4.517 V), up for 472.9 min (~7.88 h)
2025-12-16 04:42:17 [Telemetry] Node !9e77f1a0: battery 101% (4.505 V), up for 473.9 min (~7.90 h)
2025-12-16 04:43:17 [Telemetry] Node !9e77f1a0: battery 101% (4.501 V), up for 474.9 min (~7.91 h)
2025-12-16 04:44:17 [Telemetry] Node !9e77f1a0: battery 101% (4.586 V), up for 475.9 min (~7.93 h)
2025-12-16 04:45:18 [Telemetry] Node !9e77f1a0: battery 101% (4.532 V), up for 476.9 min (~7.95 h)
2025-12-16 04:45:27 [Telemetry] Node !1f6d2344: battery 78% (3.947 V), up for 919.4 min (~15.32 h)
2025-12-16 04:46:18 [Telemetry] Node !9e77f1a0: battery 101% (4.607 V), up for 477.9 min (~7.96 h)
2025-12-16 04:47:18 [Telemetry] Node !9e77f1a0: battery 101% (4.612 V), up for 478.9 min (~7.98 h)
2025-12-16 04:48:18 [Telemetry] Node !9e77f1a0: battery 101% (4.569 V), up for 479.9 min (~8.00 h)
2025-12-16 04:49:18 [Telemetry] Node !9e77f1a0: battery 101% (4.535 V), up for 480.9 min (~8.01 h)
2025-12-16 04:50:19 [Telemetry] Node !9e77f1a0: battery 101% (4.491 V), up for 481.9 min (~8.03 h)
2025-12-16 04:50:19 [Telemetry] !9e77f1a0 -> ^all: no device metrics in this packet
2025-12-16 04:51:19 [Telemetry] Node !9e77f1a0: battery 101% (4.62 V), up for 482.9 min (~8.05 h)
2025-12-16 04:52:19 [Telemetry] Node !9e77f1a0: battery 101% (4.623 V), up for 483.9 min (~8.07 h)
2025-12-16 04:53:19 [Telemetry] Node !9e77f1a0: battery 101% (4.6 V), up for 484.9 min (~8.08 h)
2025-12-16 04:54:19 [Telemetry] Node !9e77f1a0: battery 101% (4.559 V), up for 485.9 min (~8.10 h)
2025-12-16 04:54:22 [Telemetry] Node !69855f18: battery 101% (4.316 V), up for 3195.7 min (~53.26 h)
2025-12-16 04:55:20 [Telemetry] Node !9e77f1a0: battery 101% (4.525 V), up for 486.9 min (~8.12 h)
2025-12-16 04:56:20 [Telemetry] Node !9e77f1a0: battery 101% (4.519 V), up for 487.9 min (~8.13 h)
2025-12-16 04:57:20 [Telemetry] Node !9e77f1a0: battery 101% (4.621 V), up for 488.9 min (~8.15 h)
2025-12-16 04:58:20 [Telemetry] Node !9e77f1a0: battery 101% (4.604 V), up for 489.9 min (~8.17 h)
2025-12-16 04:59:20 [Telemetry] Node !9e77f1a0: battery 101% (4.572 V), up for 490.9 min (~8.18 h)
2025-12-16 05:00:21 [Telemetry] Node !9e77f1a0: battery 101% (4.56 V), up for 491.9 min (~8.20 h)
2025-12-16 05:01:21 [Telemetry] Node !9e77f1a0: battery 101% (4.563 V), up for 492.9 min (~8.22 h)
2025-12-16 05:02:21 [Telemetry] Node !9e77f1a0: battery 101% (4.571 V), up for 493.9 min (~8.23 h)
2025-12-16 05:03:21 [Telemetry] Node !9e77f1a0: battery 101% (4.564 V), up for 494.9 min (~8.25 h)
2025-12-16 05:03:27 [Telemetry] Node !1f6d2344: battery 77% (3.941 V), up for 937.4 min (~15.62 h)
2025-12-16 05:04:21 [Telemetry] Node !9e77f1a0: battery 101% (4.548 V), up for 495.9 min (~8.27 h)
2025-12-16 05:05:22 [Telemetry] Node !9e77f1a0: battery 101% (4.549 V), up for 497.0 min (~8.28 h)
2025-12-16 05:05:22 [Telemetry] !9e77f1a0 -> ^all: no device metrics in this packet
2025-12-16 05:06:22 [Telemetry] Node !9e77f1a0: battery 101% (4.544 V), up for 498.0 min (~8.30 h)
2025-12-16 05:06:55 [Packet] !69855f18 -> ^all on POSITION_APP
2025-12-16 05:07:22 [Telemetry] Node !9e77f1a0: battery 101% (4.547 V), up for 499.0 min (~8.32 h)
2025-12-16 05:08:22 [Telemetry] Node !9e77f1a0: battery 101% (4.543 V), up for 500.0 min (~8.33 h)
2025-12-16 05:09:22 [Telemetry] Node !9e77f1a0: battery 101% (4.538 V), up for 501.0 min (~8.35 h)
2025-12-16 05:10:23 [Telemetry] Node !9e77f1a0: battery 101% (4.552 V), up for 502.0 min (~8.37 h)
2025-12-16 05:11:23 [Telemetry] Node !9e77f1a0: battery 101% (4.54 V), up for 503.0 min (~8.38 h)
2025-12-16 05:12:23 [Telemetry] Node !9e77f1a0: battery 101% (4.502 V), up for 504.0 min (~8.40 h)
2025-12-16 05:12:27 [Telemetry] Node !69855f18: battery 101% (4.316 V), up for 3213.7 min (~53.56 h)
2025-12-16 05:13:23 [Telemetry] Node !9e77f1a0: battery 101% (4.651 V), up for 505.0 min (~8.42 h)
2025-12-16 05:13:43 [Packet] !9e77f1a0 -> ^all on POSITION_APP
2025-12-16 05:14:23 [Telemetry] Node !9e77f1a0: battery 101% (4.629 V), up for 506.0 min (~8.43 h)
2025-12-16 05:15:24 [Telemetry] Node !9e77f1a0: battery 101% (4.566 V), up for 507.0 min (~8.45 h)
2025-12-16 05:16:15 [Packet] !1f6d2344 -> ^all on POSITION_APP
2025-12-16 05:16:24 [Telemetry] Node !9e77f1a0: battery 101% (4.532 V), up for 508.0 min (~8.47 h)
2025-12-16 05:17:24 [Telemetry] Node !9e77f1a0: battery 101% (4.498 V), up for 509.0 min (~8.48 h)
2025-12-16 05:18:24 [Telemetry] Node !9e77f1a0: battery 101% (4.485 V), up for 510.0 min (~8.50 h)
2025-12-16 05:19:24 [Telemetry] Node !9e77f1a0: battery 101% (4.639 V), up for 511.0 min (~8.52 h)
2025-12-16 05:20:25 [Telemetry] Node !9e77f1a0: battery 101% (4.543 V), up for 512.0 min (~8.53 h)
2025-12-16 05:20:25 [Telemetry] !9e77f1a0 -> ^all: no device metrics in this packet
2025-12-16 05:21:25 [Telemetry] Node !9e77f1a0: battery 101% (4.624 V), up for 513.0 min (~8.55 h)
2025-12-16 05:21:28 [Telemetry] Node !1f6d2344: battery 77% (3.941 V), up for 955.4 min (~15.92 h)
2025-12-16 05:22:25 [Telemetry] Node !9e77f1a0: battery 101% (4.621 V), up for 514.0 min (~8.57 h)
2025-12-16 05:23:25 [Telemetry] Node !9e77f1a0: battery 101% (4.604 V), up for 515.0 min (~8.58 h)
2025-12-16 05:24:25 [Telemetry] Node !9e77f1a0: battery 101% (4.59 V), up for 516.0 min (~8.60 h)
2025-12-16 05:25:26 [Telemetry] Node !9e77f1a0: battery 101% (4.484 V), up for 517.0 min (~8.62 h)
2025-12-16 05:26:26 [Telemetry] Node !9e77f1a0: battery 101% (4.577 V), up for 518.0 min (~8.63 h)
2025-12-16 05:27:26 [Telemetry] Node !9e77f1a0: battery 101% (4.601 V), up for 519.0 min (~8.65 h)
2025-12-16 05:28:26 [Telemetry] Node !9e77f1a0: battery 101% (4.594 V), up for 520.0 min (~8.67 h)
2025-12-16 05:29:26 [Telemetry] Node !9e77f1a0: battery 101% (4.621 V), up for 521.0 min (~8.68 h)
2025-12-16 05:30:27 [Telemetry] Node !9e77f1a0: battery 101% (4.539 V), up for 522.0 min (~8.70 h)
2025-12-16 05:30:31 [Telemetry] Node !69855f18: battery 101% (4.316 V), up for 3231.8 min (~53.86 h)
2025-12-16 05:31:27 [Telemetry] Node !9e77f1a0: battery 101% (4.626 V), up for 523.0 min (~8.72 h)
2025-12-16 05:32:27 [Telemetry] Node !9e77f1a0: battery 101% (4.669 V), up for 524.0 min (~8.73 h)
2025-12-16 05:33:27 [Telemetry] Node !9e77f1a0: battery 101% (4.589 V), up for 525.0 min (~8.75 h)
2025-12-16 05:34:27 [Telemetry] Node !9e77f1a0: battery 101% (4.53 V), up for 526.0 min (~8.77 h)
2025-12-16 05:35:28 [Telemetry] Node !9e77f1a0: battery 101% (4.466 V), up for 527.1 min (~8.78 h)
2025-12-16 05:35:28 [Telemetry] !9e77f1a0 -> ^all: no device metrics in this packet
2025-12-16 05:36:28 [Telemetry] Node !9e77f1a0: battery 101% (4.581 V), up for 528.1 min (~8.80 h)
2025-12-16 05:37:28 [Telemetry] Node !9e77f1a0: battery 101% (4.614 V), up for 529.1 min (~8.82 h)
2025-12-16 05:38:28 [Telemetry] Node !9e77f1a0: battery 101% (4.599 V), up for 530.1 min (~8.83 h)
2025-12-16 05:39:21 [Packet] !69855f18 -> ^all on NODEINFO_APP
2025-12-16 05:39:28 [Telemetry] Node !1f6d2344: battery 77% (3.936 V), up for 973.4 min (~16.22 h)
2025-12-16 05:39:28 [Telemetry] Node !9e77f1a0: battery 101% (4.552 V), up for 531.1 min (~8.85 h)
2025-12-16 05:40:29 [Telemetry] Node !9e77f1a0: battery 101% (4.552 V), up for 532.1 min (~8.87 h)
2025-12-16 05:41:29 [Telemetry] Node !9e77f1a0: battery 101% (4.554 V), up for 533.1 min (~8.88 h)
2025-12-16 05:42:29 [Telemetry] Node !9e77f1a0: battery 101% (4.526 V), up for 534.1 min (~8.90 h)
2025-12-16 05:42:58 [Packet] !69855f18 -> ^all on POSITION_APP
2025-12-16 05:43:29 [Telemetry] Node !9e77f1a0: battery 101% (4.499 V), up for 535.1 min (~8.92 h)
2025-12-16 05:44:29 [Telemetry] Node !9e77f1a0: battery 101% (4.643 V), up for 536.1 min (~8.93 h)
2025-12-16 05:45:30 [Telemetry] Node !9e77f1a0: battery 101% (4.489 V), up for 537.1 min (~8.95 h)
2025-12-16 05:46:30 [Telemetry] Node !9e77f1a0: battery 101% (4.547 V), up for 538.1 min (~8.97 h)
2025-12-16 05:47:30 [Telemetry] Node !9e77f1a0: battery 101% (4.512 V), up for 539.1 min (~8.99 h)
2025-12-16 05:48:30 [Telemetry] Node !9e77f1a0: battery 101% (4.602 V), up for 540.1 min (~9.00 h)
2025-12-16 05:48:34 [Telemetry] Node !69855f18: battery 101% (4.316 V), up for 3249.8 min (~54.16 h)
2025-12-16 05:49:30 [Telemetry] Node !9e77f1a0: battery 101% (4.591 V), up for 541.1 min (~9.02 h)
2025-12-16 05:49:45 [Packet] !9e77f1a0 -> ^all on POSITION_APP
2025-12-16 05:50:31 [Telemetry] Node !9e77f1a0: battery 101% (4.528 V), up for 542.1 min (~9.04 h)
2025-12-16 05:50:31 [Telemetry] !9e77f1a0 -> ^all: no device metrics in this packet
2025-12-16 05:51:31 [Telemetry] Node !9e77f1a0: battery 101% (4.496 V), up for 543.1 min (~9.05 h)
2025-12-16 05:52:15 [Packet] !1f6d2344 -> ^all on POSITION_APP
2025-12-16 05:52:31 [Telemetry] Node !9e77f1a0: battery 101% (4.607 V), up for 544.1 min (~9.07 h)
2025-12-16 05:53:31 [Telemetry] Node !9e77f1a0: battery 101% (4.562 V), up for 545.1 min (~9.09 h)
2025-12-16 05:54:31 [Telemetry] Node !9e77f1a0: battery 101% (4.509 V), up for 546.1 min (~9.10 h)
2025-12-16 05:55:32 [Telemetry] Node !9e77f1a0: battery 101% (4.523 V), up for 547.1 min (~9.12 h)
2025-12-16 05:56:32 [Telemetry] Node !9e77f1a0: battery 101% (4.634 V), up for 548.1 min (~9.14 h)
2025-12-16 05:57:28 [Telemetry] Node !1f6d2344: battery 76% (3.932 V), up for 991.4 min (~16.52 h)
2025-12-16 05:57:32 [Telemetry] Node !9e77f1a0: battery 101% (4.645 V), up for 549.1 min (~9.15 h)
2025-12-16 05:58:32 [Telemetry] Node !9e77f1a0: battery 101% (4.599 V), up for 550.1 min (~9.17 h)
2025-12-16 05:59:32 [Telemetry] Node !9e77f1a0: battery 101% (4.556 V), up for 551.1 min (~9.19 h)
2025-12-16 06:00:33 [Telemetry] Node !9e77f1a0: battery 101% (4.521 V), up for 552.1 min (~9.20 h)
2025-12-16 06:01:33 [Telemetry] Node !9e77f1a0: battery 101% (4.504 V), up for 553.1 min (~9.22 h)
2025-12-16 06:02:33 [Telemetry] Node !9e77f1a0: battery 101% (4.612 V), up for 554.1 min (~9.24 h)
2025-12-16 06:03:33 [Telemetry] Node !9e77f1a0: battery 101% (4.574 V), up for 555.1 min (~9.25 h)
2025-12-16 06:04:33 [Telemetry] Node !9e77f1a0: battery 101% (4.513 V), up for 556.1 min (~9.27 h)
2025-12-16 06:05:34 [Telemetry] Node !9e77f1a0: battery 101% (4.548 V), up for 557.2 min (~9.29 h)
2025-12-16 06:05:34 [Telemetry] !9e77f1a0 -> ^all: no device metrics in this packet
2025-12-16 06:06:34 [Telemetry] Node !9e77f1a0: battery 101% (4.589 V), up for 558.2 min (~9.30 h)
2025-12-16 06:06:38 [Telemetry] Node !69855f18: battery 101% (4.317 V), up for 3267.9 min (~54.47 h)
2025-12-16 06:07:34 [Telemetry] Node !9e77f1a0: battery 101% (4.535 V), up for 559.2 min (~9.32 h)
2025-12-16 06:08:34 [Telemetry] Node !9e77f1a0: battery 101% (4.628 V), up for 560.2 min (~9.34 h)
2025-12-16 06:09:34 [Telemetry] Node !9e77f1a0: battery 101% (4.582 V), up for 561.2 min (~9.35 h)
2025-12-16 06:10:35 [Telemetry] Node !9e77f1a0: battery 101% (4.496 V), up for 562.2 min (~9.37 h)
2025-12-16 06:11:35 [Telemetry] Node !9e77f1a0: battery 101% (4.606 V), up for 563.2 min (~9.39 h)
2025-12-16 06:12:35 [Telemetry] Node !9e77f1a0: battery 101% (4.576 V), up for 564.2 min (~9.40 h)
2025-12-16 06:13:35 [Telemetry] Node !9e77f1a0: battery 101% (4.512 V), up for 565.2 min (~9.42 h)
2025-12-16 06:14:35 [Telemetry] Node !9e77f1a0: battery 101% (4.637 V), up for 566.2 min (~9.44 h)
2025-12-16 06:15:28 [Telemetry] Node !1f6d2344: battery 76% (3.929 V), up for 1009.4 min (~16.82 h)
2025-12-16 06:15:36 [Telemetry] Node !9e77f1a0: battery 101% (4.565 V), up for 567.2 min (~9.45 h)
2025-12-16 06:16:36 [Telemetry] Node !9e77f1a0: battery 101% (4.516 V), up for 568.2 min (~9.47 h)
2025-12-16 06:17:36 [Telemetry] Node !9e77f1a0: battery 101% (4.618 V), up for 569.2 min (~9.49 h)
2025-12-16 06:18:36 [Telemetry] Node !9e77f1a0: battery 101% (4.576 V), up for 570.2 min (~9.50 h)
2025-12-16 06:19:00 [Packet] !69855f18 -> ^all on POSITION_APP
2025-12-16 06:19:36 [Telemetry] Node !9e77f1a0: battery 101% (4.534 V), up for 571.2 min (~9.52 h)
2025-12-16 06:20:37 [Telemetry] Node !9e77f1a0: battery 101% (4.496 V), up for 572.2 min (~9.54 h)
2025-12-16 06:20:37 [Telemetry] !9e77f1a0 -> ^all: no device metrics in this packet
2025-12-16 06:21:37 [Telemetry] Node !9e77f1a0: battery 101% (4.584 V), up for 573.2 min (~9.55 h)
2025-12-16 06:22:37 [Telemetry] Node !9e77f1a0: battery 101% (4.673 V), up for 574.2 min (~9.57 h)
2025-12-16 06:23:37 [Telemetry] Node !9e77f1a0: battery 101% (4.555 V), up for 575.2 min (~9.59 h)
2025-12-16 06:24:37 [Telemetry] Node !9e77f1a0: battery 101% (4.496 V), up for 576.2 min (~9.60 h)
2025-12-16 06:24:41 [Telemetry] Node !69855f18: battery 101% (4.316 V), up for 3286.0 min (~54.77 h)
2025-12-16 06:25:38 [Telemetry] Node !9e77f1a0: battery 101% (4.553 V), up for 577.2 min (~9.62 h)
2025-12-16 06:25:48 [Packet] !9e77f1a0 -> ^all on POSITION_APP
2025-12-16 06:26:38 [Telemetry] Node !9e77f1a0: battery 101% (4.506 V), up for 578.2 min (~9.64 h)
2025-12-16 06:27:38 [Telemetry] Node !9e77f1a0: battery 101% (4.49 V), up for 579.2 min (~9.65 h)
2025-12-16 06:28:15 [Packet] !1f6d2344 -> ^all on POSITION_APP
2025-12-16 06:28:38 [Telemetry] Node !9e77f1a0: battery 101% (4.483 V), up for 580.2 min (~9.67 h)
2025-12-16 06:29:38 [Telemetry] Node !9e77f1a0: battery 101% (4.485 V), up for 581.2 min (~9.69 h)
2025-12-16 06:30:39 [Telemetry] Node !9e77f1a0: battery 101% (4.514 V), up for 582.2 min (~9.70 h)
2025-12-16 06:31:39 [Telemetry] Node !9e77f1a0: battery 101% (4.538 V), up for 583.2 min (~9.72 h)
2025-12-16 06:32:39 [Telemetry] Node !9e77f1a0: battery 101% (4.527 V), up for 584.2 min (~9.74 h)
2025-12-16 06:33:28 [Telemetry] Node !1f6d2344: battery 75% (3.927 V), up for 1027.4 min (~17.12 h)
2025-12-16 06:33:39 [Telemetry] Node !9e77f1a0: battery 101% (4.522 V), up for 585.2 min (~9.75 h)
2025-12-16 06:34:39 [Telemetry] Node !9e77f1a0: battery 101% (4.526 V), up for 586.2 min (~9.77 h)
2025-12-16 06:35:40 [Telemetry] Node !9e77f1a0: battery 101% (4.525 V), up for 587.3 min (~9.79 h)
2025-12-16 06:35:40 [Telemetry] !9e77f1a0 -> ^all: no device metrics in this packet
2025-12-16 06:36:40 [Telemetry] Node !9e77f1a0: battery 101% (4.537 V), up for 588.3 min (~9.80 h)
2025-12-16 06:37:40 [Telemetry] Node !9e77f1a0: battery 101% (4.553 V), up for 589.3 min (~9.82 h)
2025-12-16 06:38:40 [Telemetry] Node !9e77f1a0: battery 101% (4.533 V), up for 590.3 min (~9.84 h)
2025-12-16 06:39:41 [Telemetry] Node !9e77f1a0: battery 101% (4.51 V), up for 591.3 min (~9.85 h)
2025-12-16 06:40:41 [Telemetry] Node !9e77f1a0: battery 101% (4.491 V), up for 592.3 min (~9.87 h)
2025-12-16 06:41:41 [Telemetry] Node !9e77f1a0: battery 101% (4.584 V), up for 593.3 min (~9.89 h)
2025-12-16 06:42:41 [Telemetry] Node !9e77f1a0: battery 101% (4.643 V), up for 594.3 min (~9.90 h)
2025-12-16 06:42:45 [Telemetry] Node !69855f18: battery 101% (4.314 V), up for 3304.0 min (~55.07 h)
2025-12-16 06:43:41 [Telemetry] Node !9e77f1a0: battery 101% (4.595 V), up for 595.3 min (~9.92 h)
2025-12-16 06:44:42 [Telemetry] Node !9e77f1a0: battery 101% (4.53 V), up for 596.3 min (~9.94 h)
2025-12-16 06:45:42 [Telemetry] Node !9e77f1a0: battery 101% (4.528 V), up for 597.3 min (~9.96 h)
2025-12-16 06:46:42 [Telemetry] Node !9e77f1a0: battery 101% (4.603 V), up for 598.3 min (~9.97 h)
2025-12-16 06:47:42 [Telemetry] Node !9e77f1a0: battery 101% (4.561 V), up for 599.3 min (~9.99 h)
2025-12-16 06:48:43 [Telemetry] Node !9e77f1a0: battery 101% (4.659 V), up for 600.3 min (~10.01 h)
2025-12-16 06:49:43 [Telemetry] Node !9e77f1a0: battery 101% (4.545 V), up for 601.3 min (~10.02 h)
2025-12-16 06:50:43 [Telemetry] Node !9e77f1a0: battery 101% (4.54 V), up for 602.3 min (~10.04 h)
2025-12-16 06:50:43 [Telemetry] !9e77f1a0 -> ^all: no device metrics in this packet
2025-12-16 06:51:28 [Telemetry] Node !1f6d2344: battery 75% (3.921 V), up for 1045.4 min (~17.42 h)
2025-12-16 06:51:43 [Telemetry] Node !9e77f1a0: battery 101% (4.611 V), up for 603.3 min (~10.06 h)
2025-12-16 06:52:43 [Telemetry] Node !9e77f1a0: battery 101% (4.596 V), up for 604.3 min (~10.07 h)
2025-12-16 06:53:44 [Telemetry] Node !9e77f1a0: battery 101% (4.571 V), up for 605.3 min (~10.09 h)
2025-12-16 06:54:44 [Telemetry] Node !9e77f1a0: battery 101% (4.555 V), up for 606.3 min (~10.11 h)
2025-12-16 06:55:02 [Packet] !69855f18 -> ^all on POSITION_APP
2025-12-16 06:55:44 [Telemetry] Node !9e77f1a0: battery 101% (4.561 V), up for 607.4 min (~10.12 h)
2025-12-16 06:56:44 [Telemetry] Node !9e77f1a0: battery 101% (4.574 V), up for 608.4 min (~10.14 h)
2025-12-16 06:57:44 [Telemetry] Node !9e77f1a0: battery 101% (4.558 V), up for 609.4 min (~10.16 h)
2025-12-16 06:58:45 [Telemetry] Node !9e77f1a0: battery 101% (4.536 V), up for 610.4 min (~10.17 h)
2025-12-16 06:59:45 [Telemetry] Node !9e77f1a0: battery 101% (4.518 V), up for 611.4 min (~10.19 h)
2025-12-16 07:00:45 [Telemetry] Node !9e77f1a0: battery 101% (4.517 V), up for 612.4 min (~10.21 h)
2025-12-16 07:00:49 [Telemetry] Node !69855f18: battery 101% (4.315 V), up for 3322.1 min (~55.37 h)
2025-12-16 07:01:45 [Telemetry] Node !9e77f1a0: battery 101% (4.534 V), up for 613.4 min (~10.22 h)
2025-12-16 07:01:50 [Packet] !9e77f1a0 -> ^all on POSITION_APP
2025-12-16 07:02:46 [Telemetry] Node !9e77f1a0: battery 101% (4.548 V), up for 614.4 min (~10.24 h)
2025-12-16 07:03:46 [Telemetry] Node !9e77f1a0: battery 101% (4.543 V), up for 615.4 min (~10.26 h)
2025-12-16 07:04:15 [Packet] !1f6d2344 -> ^all on POSITION_APP
2025-12-16 07:04:46 [Telemetry] Node !9e77f1a0: battery 101% (4.549 V), up for 616.4 min (~10.27 h)
2025-12-16 07:05:46 [Telemetry] Node !9e77f1a0: battery 101% (4.572 V), up for 617.4 min (~10.29 h)
2025-12-16 07:05:46 [Telemetry] !9e77f1a0 -> ^all: no device metrics in this packet
2025-12-16 07:06:46 [Telemetry] Node !9e77f1a0: battery 101% (4.572 V), up for 618.4 min (~10.31 h)
2025-12-16 07:07:47 [Telemetry] Node !9e77f1a0: battery 101% (4.539 V), up for 619.4 min (~10.32 h)
2025-12-16 07:08:47 [Telemetry] Node !9e77f1a0: battery 101% (4.53 V), up for 620.4 min (~10.34 h)
2025-12-16 07:09:29 [Telemetry] Node !1f6d2344: battery 74% (3.916 V), up for 1063.4 min (~17.72 h)
2025-12-16 07:09:47 [Telemetry] Node !9e77f1a0: battery 101% (4.496 V), up for 621.4 min (~10.36 h)
2025-12-16 07:10:47 [Telemetry] Node !9e77f1a0: battery 101% (4.552 V), up for 622.4 min (~10.37 h)
2025-12-16 07:11:48 [Telemetry] Node !9e77f1a0: battery 101% (4.641 V), up for 623.4 min (~10.39 h)
2025-12-16 07:12:48 [Telemetry] Node !9e77f1a0: battery 101% (4.634 V), up for 624.4 min (~10.41 h)
2025-12-16 07:13:48 [Telemetry] Node !9e77f1a0: battery 101% (4.634 V), up for 625.4 min (~10.42 h)
2025-12-16 07:14:48 [Telemetry] Node !9e77f1a0: battery 101% (4.625 V), up for 626.4 min (~10.44 h)
2025-12-16 07:15:48 [Telemetry] Node !9e77f1a0: battery 101% (4.508 V), up for 627.4 min (~10.46 h)
2025-12-16 07:16:49 [Telemetry] Node !9e77f1a0: battery 101% (4.568 V), up for 628.4 min (~10.47 h)
2025-12-16 07:17:36 [Packet] !1f6d2344 -> ^all on POSITION_APP
2025-12-16 07:17:49 [Telemetry] Node !9e77f1a0: battery 101% (4.548 V), up for 629.4 min (~10.49 h)
2025-12-16 07:18:49 [Telemetry] Node !9e77f1a0: battery 101% (4.531 V), up for 630.4 min (~10.51 h)
2025-12-16 07:19:27 [Packet] !1f6d2344 -> ^all on POSITION_APP
2025-12-16 07:19:49 [Telemetry] Node !9e77f1a0: battery 101% (4.501 V), up for 631.4 min (~10.52 h)
2025-12-16 07:20:50 [Telemetry] Node !9e77f1a0: battery 101% (4.493 V), up for 632.4 min (~10.54 h)
2025-12-16 07:20:50 [Telemetry] !9e77f1a0 -> ^all: no device metrics in this packet
2025-12-16 07:21:30 [Packet] !1f6d2344 -> ^all on POSITION_APP
2025-12-16 07:21:50 [Telemetry] Node !9e77f1a0: battery 101% (4.487 V), up for 633.4 min (~10.56 h)
2025-12-16 07:22:50 [Telemetry] Node !9e77f1a0: battery 101% (4.621 V), up for 634.4 min (~10.57 h)
2025-12-16 07:23:18 [Packet] !1f6d2344 -> ^all on POSITION_APP
2025-12-16 07:23:50 [Telemetry] Node !9e77f1a0: battery 101% (4.617 V), up for 635.4 min (~10.59 h)
2025-12-16 07:24:50 [Telemetry] Node !9e77f1a0: battery 101% (4.59 V), up for 636.4 min (~10.61 h)
2025-12-16 07:25:05 [Packet] !1f6d2344 -> ^all on POSITION_APP
2025-12-16 07:25:51 [Telemetry] Node !9e77f1a0: battery 101% (4.545 V), up for 637.5 min (~10.62 h)
2025-12-16 07:26:44 [Packet] !1f6d2344 -> ^all on NODEINFO_APP
2025-12-16 07:26:51 [Telemetry] Node !9e77f1a0: battery 101% (4.524 V), up for 638.5 min (~10.64 h)
2025-12-16 07:26:53 [Packet] !1f6d2344 -> ^all on POSITION_APP
2025-12-16 07:27:29 [Telemetry] Node !1f6d2344: battery 73% (3.913 V), up for 1081.4 min (~18.02 h)
2025-12-16 07:27:51 [Telemetry] Node !9e77f1a0: battery 101% (4.501 V), up for 639.5 min (~10.66 h)
2025-12-16 07:28:42 [Packet] !1f6d2344 -> ^all on POSITION_APP
2025-12-16 07:28:51 [Telemetry] Node !9e77f1a0: battery 101% (4.609 V), up for 640.5 min (~10.67 h)
2025-12-16 07:29:51 [Telemetry] Node !9e77f1a0: battery 101% (4.632 V), up for 641.5 min (~10.69 h)
2025-12-16 07:30:43 [Packet] !1f6d2344 -> ^all on POSITION_APP
2025-12-16 07:30:52 [Telemetry] Node !9e77f1a0: battery 101% (4.515 V), up for 642.5 min (~10.71 h)
2025-12-16 07:31:52 [Telemetry] Node !9e77f1a0: battery 101% (4.59 V), up for 643.5 min (~10.72 h)
2025-12-16 07:32:38 [Packet] !1f6d2344 -> ^all on POSITION_APP
2025-12-16 07:32:52 [Telemetry] Node !9e77f1a0: battery 101% (4.593 V), up for 644.5 min (~10.74 h)
2025-12-16 07:33:52 [Telemetry] Node !9e77f1a0: battery 101% (4.589 V), up for 645.5 min (~10.76 h)
2025-12-16 07:34:36 [Packet] !1f6d2344 -> ^all on POSITION_APP
2025-12-16 07:34:52 [Telemetry] Node !9e77f1a0: battery 101% (4.56 V), up for 646.5 min (~10.77 h)
2025-12-16 07:35:53 [Telemetry] Node !9e77f1a0: battery 101% (4.541 V), up for 647.5 min (~10.79 h)
2025-12-16 07:35:53 [Telemetry] !9e77f1a0 -> ^all: no device metrics in this packet
2025-12-16 07:36:36 [Packet] !1f6d2344 -> ^all on POSITION_APP
2025-12-16 07:36:53 [Telemetry] Node !9e77f1a0: battery 101% (4.53 V), up for 648.5 min (~10.81 h)
2025-12-16 07:37:53 [Telemetry] Node !9e77f1a0: battery 101% (4.502 V), up for 649.5 min (~10.82 h)
2025-12-16 07:37:53 [Packet] !9e77f1a0 -> ^all on POSITION_APP
2025-12-16 07:38:53 [Telemetry] Node !9e77f1a0: battery 101% (4.577 V), up for 650.5 min (~10.84 h)
2025-12-16 07:39:03 [Packet] !1f6d2344 -> ^all on POSITION_APP
2025-12-16 07:39:53 [Telemetry] Node !9e77f1a0: battery 101% (4.635 V), up for 651.5 min (~10.86 h)
2025-12-16 07:40:54 [Telemetry] Node !9e77f1a0: battery 101% (4.541 V), up for 652.5 min (~10.88 h)
2025-12-16 07:40:56 [Packet] !1f6d2344 -> ^all on POSITION_APP
2025-12-16 07:41:54 [Telemetry] Node !9e77f1a0: battery 101% (4.609 V), up for 653.5 min (~10.89 h)
2025-12-16 07:42:54 [Telemetry] Node !9e77f1a0: battery 101% (4.595 V), up for 654.5 min (~10.91 h)
2025-12-16 07:42:55 [Packet] !1f6d2344 -> ^all on POSITION_APP
2025-12-16 07:43:54 [Telemetry] Node !9e77f1a0: battery 101% (4.556 V), up for 655.5 min (~10.93 h)
2025-12-16 07:44:54 [Telemetry] Node !9e77f1a0: battery 101% (4.52 V), up for 656.5 min (~10.94 h)
2025-12-16 07:44:59 [Packet] !1f6d2344 -> ^all on POSITION_APP
2025-12-16 07:45:29 [Telemetry] Node !1f6d2344: battery 73% (3.912 V), up for 1099.4 min (~18.32 h)
2025-12-16 07:45:55 [Telemetry] Node !9e77f1a0: battery 101% (4.536 V), up for 657.5 min (~10.96 h)
2025-12-16 07:46:55 [Telemetry] Node !9e77f1a0: battery 101% (4.632 V), up for 658.5 min (~10.98 h)
2025-12-16 07:46:59 [Packet] !1f6d2344 -> ^all on POSITION_APP
2025-12-16 07:47:55 [Telemetry] Node !9e77f1a0: battery 101% (4.599 V), up for 659.5 min (~10.99 h)
2025-12-16 07:48:55 [Telemetry] Node !9e77f1a0: battery 101% (4.528 V), up for 660.5 min (~11.01 h)
2025-12-16 07:49:01 [Packet] !1f6d2344 -> ^all on POSITION_APP
2025-12-16 07:49:55 [Telemetry] Node !9e77f1a0: battery 101% (4.591 V), up for 661.5 min (~11.03 h)
2025-12-16 07:50:56 [Telemetry] Node !9e77f1a0: battery 101% (4.513 V), up for 662.5 min (~11.04 h)
2025-12-16 07:50:56 [Telemetry] !9e77f1a0 -> ^all: no device metrics in this packet
2025-12-16 07:51:04 [Packet] !1f6d2344 -> ^all on POSITION_APP
2025-12-16 07:51:56 [Telemetry] Node !9e77f1a0: battery 101% (4.562 V), up for 663.5 min (~11.06 h)
2025-12-16 07:52:56 [Telemetry] Node !9e77f1a0: battery 101% (4.502 V), up for 664.5 min (~11.08 h)
2025-12-16 07:53:10 [Packet] !1f6d2344 -> ^all on POSITION_APP
2025-12-16 07:53:56 [Telemetry] Node !9e77f1a0: battery 101% (4.599 V), up for 665.5 min (~11.09 h)
2025-12-16 07:54:56 [Telemetry] Node !9e77f1a0: battery 101% (4.534 V), up for 666.5 min (~11.11 h)
2025-12-16 07:55:19 [Packet] !1f6d2344 -> ^all on POSITION_APP
2025-12-16 07:55:57 [Telemetry] Node !9e77f1a0: battery 101% (4.499 V), up for 667.5 min (~11.13 h)
2025-12-16 07:56:57 [Telemetry] Node !9e77f1a0: battery 101% (4.528 V), up for 668.5 min (~11.14 h)
2025-12-16 07:57:22 [Packet] !1f6d2344 -> ^all on POSITION_APP
2025-12-16 07:57:57 [Telemetry] Node !9e77f1a0: battery 101% (4.581 V), up for 669.5 min (~11.16 h)
2025-12-16 07:58:57 [Telemetry] Node !9e77f1a0: battery 101% (4.591 V), up for 670.5 min (~11.18 h)
2025-12-16 07:59:57 [Telemetry] Node !9e77f1a0: battery 101% (4.542 V), up for 671.5 min (~11.19 h)
2025-12-16 08:00:58 [Telemetry] Node !9e77f1a0: battery 101% (4.547 V), up for 672.6 min (~11.21 h)
2025-12-16 08:01:58 [Telemetry] Node !9e77f1a0: battery 101% (4.562 V), up for 673.6 min (~11.23 h)
2025-12-16 08:02:58 [Telemetry] Node !9e77f1a0: battery 101% (4.603 V), up for 674.6 min (~11.24 h)
2025-12-16 08:03:29 [Telemetry] Node !1f6d2344: battery 73% (3.908 V), up for 1117.4 min (~18.62 h)
2025-12-16 08:03:58 [Telemetry] Node !9e77f1a0: battery 101% (4.558 V), up for 675.6 min (~11.26 h)
2025-12-16 08:04:58 [Telemetry] Node !9e77f1a0: battery 101% (4.574 V), up for 676.6 min (~11.28 h)
2025-12-16 08:05:59 [Telemetry] Node !9e77f1a0: battery 101% (4.573 V), up for 677.6 min (~11.29 h)
2025-12-16 08:05:59 [Telemetry] !9e77f1a0 -> ^all: no device metrics in this packet
2025-12-16 08:06:59 [Telemetry] Node !9e77f1a0: battery 101% (4.577 V), up for 678.6 min (~11.31 h)
2025-12-16 08:07:59 [Telemetry] Node !9e77f1a0: battery 101% (4.593 V), up for 679.6 min (~11.33 h)
2025-12-16 08:08:59 [Telemetry] Node !9e77f1a0: battery 101% (4.584 V), up for 680.6 min (~11.34 h)
2025-12-16 08:09:59 [Telemetry] Node !9e77f1a0: battery 101% (4.576 V), up for 681.6 min (~11.36 h)
2025-12-16 08:11:00 [Telemetry] Node !9e77f1a0: battery 101% (4.495 V), up for 682.6 min (~11.38 h)
2025-12-16 08:12:00 [Telemetry] Node !9e77f1a0: battery 101% (4.491 V), up for 683.6 min (~11.39 h)
2025-12-16 08:13:00 [Telemetry] Node !9e77f1a0: battery 101% (4.499 V), up for 684.6 min (~11.41 h)
2025-12-16 08:13:55 [Packet] !9e77f1a0 -> ^all on POSITION_APP
2025-12-16 08:14:00 [Telemetry] Node !9e77f1a0: battery 101% (4.635 V), up for 685.6 min (~11.43 h)
2025-12-16 08:15:00 [Telemetry] Node !9e77f1a0: battery 101% (4.552 V), up for 686.6 min (~11.44 h)
2025-12-16 08:16:01 [Telemetry] Node !9e77f1a0: battery 101% (4.491 V), up for 687.6 min (~11.46 h)
2025-12-16 08:17:01 [Telemetry] Node !9e77f1a0: battery 101% (4.53 V), up for 688.6 min (~11.48 h)
2025-12-16 08:18:01 [Telemetry] Node !9e77f1a0: battery 101% (4.546 V), up for 689.6 min (~11.49 h)
2025-12-16 08:19:01 [Telemetry] Node !9e77f1a0: battery 101% (4.529 V), up for 690.6 min (~11.51 h)
2025-12-16 08:20:01 [Telemetry] Node !9e77f1a0: battery 101% (4.512 V), up for 691.6 min (~11.53 h)
2025-12-16 08:21:02 [Telemetry] Node !9e77f1a0: battery 101% (4.474 V), up for 692.6 min (~11.54 h)
2025-12-16 08:21:02 [Telemetry] !9e77f1a0 -> ^all: no device metrics in this packet
2025-12-16 08:21:29 [Telemetry] Node !1f6d2344: battery 72% (3.901 V), up for 1135.4 min (~18.92 h)
2025-12-16 08:22:02 [Telemetry] Node !9e77f1a0: battery 101% (4.549 V), up for 693.6 min (~11.56 h)
2025-12-16 08:23:02 [Telemetry] Node !9e77f1a0: battery 101% (4.535 V), up for 694.6 min (~11.58 h)
2025-12-16 08:24:02 [Telemetry] Node !9e77f1a0: battery 101% (4.528 V), up for 695.6 min (~11.59 h)
2025-12-16 08:25:02 [Telemetry] Node !9e77f1a0: battery 101% (4.601 V), up for 696.6 min (~11.61 h)
2025-12-16 08:26:03 [Telemetry] Node !9e77f1a0: battery 101% (4.504 V), up for 697.6 min (~11.63 h)
2025-12-16 08:27:03 [Telemetry] Node !9e77f1a0: battery 101% (4.513 V), up for 698.6 min (~11.64 h)
2025-12-16 08:28:03 [Telemetry] Node !9e77f1a0: battery 101% (4.542 V), up for 699.6 min (~11.66 h)
2025-12-16 08:29:03 [Telemetry] Node !9e77f1a0: battery 101% (4.509 V), up for 700.6 min (~11.68 h)
2025-12-16 08:30:03 [Telemetry] Node !9e77f1a0: battery 101% (4.489 V), up for 701.6 min (~11.69 h)
2025-12-16 08:31:04 [Telemetry] Node !9e77f1a0: battery 101% (4.466 V), up for 702.7 min (~11.71 h)
2025-12-16 08:32:04 [Telemetry] Node !9e77f1a0: battery 101% (4.521 V), up for 703.7 min (~11.73 h)
2025-12-16 08:33:04 [Telemetry] Node !9e77f1a0: battery 101% (4.556 V), up for 704.7 min (~11.74 h)
2025-12-16 08:33:25 [Packet] !1f6d2344 -> ^all on POSITION_APP
2025-12-16 08:34:04 [Telemetry] Node !9e77f1a0: battery 101% (4.487 V), up for 705.7 min (~11.76 h)
2025-12-16 08:35:04 [Telemetry] Node !9e77f1a0: battery 101% (4.57 V), up for 706.7 min (~11.78 h)
2025-12-16 08:36:05 [Telemetry] Node !9e77f1a0: battery 101% (4.533 V), up for 707.7 min (~11.79 h)
2025-12-16 08:36:05 [Telemetry] !9e77f1a0 -> ^all: no device metrics in this packet
2025-12-16 08:37:05 [Telemetry] Node !9e77f1a0: battery 101% (4.585 V), up for 708.7 min (~11.81 h)
2025-12-16 08:38:05 [Telemetry] Node !9e77f1a0: battery 101% (4.564 V), up for 709.7 min (~11.83 h)
2025-12-16 08:39:05 [Telemetry] Node !9e77f1a0: battery 101% (4.557 V), up for 710.7 min (~11.84 h)
2025-12-16 08:39:30 [Telemetry] Node !1f6d2344: battery 71% (3.899 V), up for 1153.4 min (~19.22 h)
2025-12-16 08:40:05 [Telemetry] Node !9e77f1a0: battery 101% (4.516 V), up for 711.7 min (~11.86 h)
2025-12-16 08:41:06 [Telemetry] Node !9e77f1a0: battery 101% (4.421 V), up for 712.7 min (~11.88 h)
2025-12-16 08:42:06 [Telemetry] Node !9e77f1a0: battery 101% (4.479 V), up for 713.7 min (~11.90 h)
2025-12-16 08:43:06 [Telemetry] Node !9e77f1a0: battery 101% (4.534 V), up for 714.7 min (~11.91 h)
2025-12-16 08:44:06 [Telemetry] Node !9e77f1a0: battery 101% (4.505 V), up for 715.7 min (~11.93 h)
2025-12-16 08:45:06 [Telemetry] Node !9e77f1a0: battery 101% (4.58 V), up for 716.7 min (~11.95 h)
2025-12-16 08:46:07 [Telemetry] Node !9e77f1a0: battery 101% (4.45 V), up for 717.7 min (~11.96 h)
2025-12-16 08:47:07 [Telemetry] Node !9e77f1a0: battery 101% (4.458 V), up for 718.7 min (~11.98 h)
2025-12-16 08:48:07 [Telemetry] Node !9e77f1a0: battery 101% (4.55 V), up for 719.7 min (~12.00 h)
2025-12-16 08:49:07 [Telemetry] Node !9e77f1a0: battery 101% (4.514 V), up for 720.7 min (~12.01 h)
2025-12-16 08:49:57 [Packet] !9e77f1a0 -> ^all on POSITION_APP
2025-12-16 08:50:07 [Telemetry] Node !9e77f1a0: battery 101% (4.565 V), up for 721.7 min (~12.03 h)
2025-12-16 08:51:08 [Telemetry] Node !9e77f1a0: battery 101% (4.416 V), up for 722.7 min (~12.05 h)
2025-12-16 08:51:08 [Telemetry] !9e77f1a0 -> ^all: no device metrics in this packet
2025-12-16 08:52:08 [Telemetry] Node !9e77f1a0: battery 101% (4.542 V), up for 723.7 min (~12.06 h)
2025-12-16 08:53:08 [Telemetry] Node !9e77f1a0: battery 101% (4.524 V), up for 724.7 min (~12.08 h)
2025-12-16 08:54:08 [Telemetry] Node !9e77f1a0: battery 101% (4.49 V), up for 725.7 min (~12.10 h)
2025-12-16 08:55:08 [Telemetry] Node !9e77f1a0: battery 101% (4.543 V), up for 726.7 min (~12.11 h)
2025-12-16 08:56:09 [Telemetry] Node !9e77f1a0: battery 101% (4.509 V), up for 727.8 min (~12.13 h)
2025-12-16 08:57:09 [Telemetry] Node !9e77f1a0: battery 101% (4.465 V), up for 728.8 min (~12.15 h)
2025-12-16 08:57:30 [Telemetry] Node !1f6d2344: battery 71% (3.894 V), up for 1171.4 min (~19.52 h)
2025-12-16 08:58:09 [Telemetry] Node !9e77f1a0: battery 101% (4.498 V), up for 729.8 min (~12.16 h)
2025-12-16 08:59:09 [Telemetry] Node !9e77f1a0: battery 101% (4.519 V), up for 730.8 min (~12.18 h)
2025-12-16 09:00:09 [Telemetry] Node !9e77f1a0: battery 101% (4.546 V), up for 731.8 min (~12.20 h)
2025-12-16 09:01:10 [Telemetry] Node !9e77f1a0: battery 101% (4.502 V), up for 732.8 min (~12.21 h)
2025-12-16 09:02:10 [Telemetry] Node !9e77f1a0: battery 101% (4.451 V), up for 733.8 min (~12.23 h)
2025-12-16 09:02:56 [INFO] Channel 'default' mapped to local index 0 (Primary)
2025-12-16 09:02:56 [SEND] -> mesh: test (dest=!1f6d2344, ch=Primary)
2025-12-16 09:02:56 [ANNOUNCE-OUT] 66190 (Primary) <- Outbound Meshtastic direct message to 1f6d2344 on Primary. Message: test
2025-12-16 09:02:58 [Packet] !1f6d2344 -> !9e77f1a0 on ROUTING_APP
2025-12-16 09:03:10 [Telemetry] Node !9e77f1a0: battery 101% (4.442 V), up for 734.8 min (~12.25 h)
2025-12-16 09:04:10 [Telemetry] Node !9e77f1a0: battery 101% (4.466 V), up for 735.8 min (~12.26 h)
2025-12-16 09:05:10 [Telemetry] Node !9e77f1a0: battery 101% (4.485 V), up for 736.8 min (~12.28 h)
2025-12-16 09:06:11 [Telemetry] Node !9e77f1a0: battery 101% (4.589 V), up for 737.8 min (~12.30 h)
2025-12-16 09:06:11 [Telemetry] !9e77f1a0 -> ^all: no device metrics in this packet
2025-12-16 09:07:11 [Telemetry] Node !9e77f1a0: battery 101% (4.516 V), up for 738.8 min (~12.31 h)
2025-12-16 09:08:11 [Telemetry] Node !9e77f1a0: battery 101% (4.511 V), up for 739.8 min (~12.33 h)
2025-12-16 09:09:11 [Telemetry] Node !9e77f1a0: battery 101% (4.497 V), up for 740.8 min (~12.35 h)
2025-12-16 09:09:25 [Packet] !1f6d2344 -> ^all on POSITION_APP
2025-12-16 09:10:11 [Telemetry] Node !9e77f1a0: battery 101% (4.494 V), up for 741.8 min (~12.36 h)
2025-12-16 09:11:12 [Telemetry] Node !9e77f1a0: battery 101% (4.504 V), up for 742.8 min (~12.38 h)
2025-12-16 09:12:12 [Telemetry] Node !9e77f1a0: battery 101% (4.509 V), up for 743.8 min (~12.40 h)
2025-12-16 09:13:12 [Telemetry] Node !9e77f1a0: battery 101% (4.485 V), up for 744.8 min (~12.41 h)
2025-12-16 09:14:12 [Telemetry] Node !9e77f1a0: battery 101% (4.449 V), up for 745.8 min (~12.43 h)
2025-12-16 09:15:12 [Telemetry] Node !9e77f1a0: battery 101% (4.527 V), up for 746.8 min (~12.45 h)
2025-12-16 09:15:30 [Telemetry] Node !1f6d2344: battery 70% (3.888 V), up for 1189.4 min (~19.82 h)
2025-12-16 09:16:13 [Telemetry] Node !9e77f1a0: battery 101% (4.495 V), up for 747.8 min (~12.46 h)
2025-12-16 09:17:13 [Telemetry] Node !9e77f1a0: battery 101% (4.576 V), up for 748.8 min (~12.48 h)
2025-12-16 09:18:13 [Telemetry] Node !9e77f1a0: battery 101% (4.561 V), up for 749.8 min (~12.50 h)
2025-12-16 09:19:13 [Telemetry] Node !9e77f1a0: battery 101% (4.527 V), up for 750.8 min (~12.51 h)
2025-12-16 09:20:13 [Telemetry] Node !9e77f1a0: battery 101% (4.482 V), up for 751.8 min (~12.53 h)
2025-12-16 09:21:14 [Telemetry] Node !9e77f1a0: battery 101% (4.442 V), up for 752.8 min (~12.55 h)
2025-12-16 09:21:14 [Telemetry] !9e77f1a0 -> ^all: no device metrics in this packet
2025-12-16 09:22:14 [Telemetry] Node !9e77f1a0: battery 101% (4.518 V), up for 753.8 min (~12.56 h)
2025-12-16 09:23:14 [Telemetry] Node !9e77f1a0: battery 101% (4.537 V), up for 754.8 min (~12.58 h)
2025-12-16 09:24:14 [Telemetry] Node !9e77f1a0: battery 101% (4.502 V), up for 755.8 min (~12.60 h)
2025-12-16 09:25:14 [Telemetry] Node !9e77f1a0: battery 101% (4.534 V), up for 756.8 min (~12.61 h)
2025-12-16 09:26:00 [Packet] !9e77f1a0 -> ^all on POSITION_APP
2025-12-16 09:26:15 [Telemetry] Node !9e77f1a0: battery 101% (4.514 V), up for 757.9 min (~12.63 h)
2025-12-16 09:27:15 [Telemetry] Node !9e77f1a0: battery 101% (4.469 V), up for 758.9 min (~12.65 h)
2025-12-16 09:28:15 [Telemetry] Node !9e77f1a0: battery 101% (4.538 V), up for 759.9 min (~12.66 h)
2025-12-16 09:29:15 [Telemetry] Node !9e77f1a0: battery 101% (4.46 V), up for 760.9 min (~12.68 h)
2025-12-16 09:30:15 [Telemetry] Node !9e77f1a0: battery 101% (4.534 V), up for 761.9 min (~12.70 h)
2025-12-16 09:31:16 [Telemetry] Node !9e77f1a0: battery 101% (4.424 V), up for 762.9 min (~12.71 h)
2025-12-16 09:32:16 [Telemetry] Node !9e77f1a0: battery 101% (4.525 V), up for 763.9 min (~12.73 h)
2025-12-16 09:33:16 [Telemetry] Node !9e77f1a0: battery 101% (4.477 V), up for 764.9 min (~12.75 h)
2025-12-16 09:33:30 [Telemetry] Node !1f6d2344: battery 69% (3.883 V), up for 1207.4 min (~20.12 h)
2025-12-16 09:34:16 [Telemetry] Node !9e77f1a0: battery 101% (4.498 V), up for 765.9 min (~12.76 h)
2025-12-16 09:35:16 [Telemetry] Node !9e77f1a0: battery 101% (4.486 V), up for 766.9 min (~12.78 h)
2025-12-16 09:36:17 [Telemetry] Node !9e77f1a0: battery 101% (4.434 V), up for 767.9 min (~12.80 h)
2025-12-16 09:36:17 [Telemetry] !9e77f1a0 -> ^all: no device metrics in this packet
2025-12-16 09:37:17 [Telemetry] Node !9e77f1a0: battery 101% (4.467 V), up for 768.9 min (~12.81 h)
2025-12-16 09:38:17 [Telemetry] Node !9e77f1a0: battery 101% (4.53 V), up for 769.9 min (~12.83 h)
2025-12-16 09:39:17 [Telemetry] Node !9e77f1a0: battery 101% (4.454 V), up for 770.9 min (~12.85 h)
2025-12-16 09:40:18 [Telemetry] Node !9e77f1a0: battery 101% (4.508 V), up for 771.9 min (~12.86 h)
2025-12-16 09:41:18 [Telemetry] Node !9e77f1a0: battery 101% (4.446 V), up for 772.9 min (~12.88 h)
2025-12-16 09:42:18 [Telemetry] Node !9e77f1a0: battery 101% (4.468 V), up for 773.9 min (~12.90 h)
2025-12-16 09:43:18 [Telemetry] Node !9e77f1a0: battery 101% (4.519 V), up for 774.9 min (~12.92 h)
2025-12-16 09:44:18 [Telemetry] Node !9e77f1a0: battery 101% (4.516 V), up for 775.9 min (~12.93 h)
2025-12-16 09:45:19 [Telemetry] Node !9e77f1a0: battery 101% (4.545 V), up for 776.9 min (~12.95 h)
2025-12-16 09:46:19 [Telemetry] Node !9e77f1a0: battery 101% (4.472 V), up for 777.9 min (~12.97 h)
2025-12-16 09:47:19 [Telemetry] Node !9e77f1a0: battery 101% (4.532 V), up for 778.9 min (~12.98 h)
2025-12-16 09:48:19 [Telemetry] Node !9e77f1a0: battery 101% (4.522 V), up for 779.9 min (~13.00 h)
2025-12-16 09:49:20 [Telemetry] Node !9e77f1a0: battery 101% (4.462 V), up for 780.9 min (~13.02 h)
2025-12-16 09:50:20 [Telemetry] Node !9e77f1a0: battery 101% (4.489 V), up for 781.9 min (~13.03 h)
2025-12-16 09:51:20 [Telemetry] Node !9e77f1a0: battery 101% (4.479 V), up for 783.0 min (~13.05 h)
2025-12-16 09:51:20 [Telemetry] !9e77f1a0 -> ^all: no device metrics in this packet
2025-12-16 09:51:30 [Telemetry] Node !1f6d2344: battery 69% (3.879 V), up for 1225.4 min (~20.42 h)
2025-12-16 09:52:20 [Telemetry] Node !9e77f1a0: battery 101% (4.514 V), up for 784.0 min (~13.07 h)
2025-12-16 09:53:20 [Telemetry] Node !9e77f1a0: battery 101% (4.532 V), up for 785.0 min (~13.08 h)
2025-12-16 09:54:21 [Telemetry] Node !9e77f1a0: battery 101% (4.465 V), up for 786.0 min (~13.10 h)
2025-12-16 09:55:21 [Telemetry] Node !9e77f1a0: battery 101% (4.495 V), up for 787.0 min (~13.12 h)
                                                                                                    2025-12-16 09:56:10 [INFO] Connecting via TCP 192.168.1.42:4403
2025-12-16 09:56:11 [INFO] Meshtastic connection established
2025-12-16 09:56:11 [INFO] Learned my node ID from myInfo: !9e77f1a0
2025-12-16 09:56:11 [INFO] Listener main loop starting
2025-12-16 09:56:29 [Packet] !9e77f1a0 -> ^all on POSITION_APP
2025-12-16 10:06:06 [Telemetry] Node !9e77f1a0: battery 101% (4.561 V), up for 1.0 min (~0.02 h)
2025-12-16 10:06:06 [Telemetry] !9e77f1a0 -> ^all: no device metrics in this packet
2025-12-16 10:07:06 [Telemetry] Node !9e77f1a0: battery 101% (4.602 V), up for 2.0 min (~0.03 h)
2025-12-16 10:08:06 [Telemetry] Node !9e77f1a0: battery 101% (4.58 V), up for 3.0 min (~0.05 h)
2025-12-16 10:09:06 [Telemetry] Node !9e77f1a0: battery 101% (4.627 V), up for 4.0 min (~0.07 h)
2025-12-16 10:09:30 [Telemetry] Node !1f6d2344: battery 68% (3.877 V), up for 1243.4 min (~20.72 h)
2025-12-16 10:10:06 [Telemetry] Node !9e77f1a0: battery 101% (4.51 V), up for 5.0 min (~0.08 h)
2025-12-16 10:11:06 [Telemetry] Node !9e77f1a0: battery 101% (4.561 V), up for 6.0 min (~0.10 h)
2025-12-16 10:12:06 [Telemetry] Node !9e77f1a0: battery 101% (4.574 V), up for 7.0 min (~0.12 h)
2025-12-16 10:13:06 [Telemetry] Node !9e77f1a0: battery 101% (4.536 V), up for 8.0 min (~0.13 h)
2025-12-16 10:14:06 [Telemetry] Node !9e77f1a0: battery 101% (4.504 V), up for 9.0 min (~0.15 h)
2025-12-16 10:15:06 [Telemetry] Node !9e77f1a0: battery 101% (4.452 V), up for 10.0 min (~0.17 h)
2025-12-16 10:16:06 [Telemetry] Node !9e77f1a0: battery 101% (4.507 V), up for 11.0 min (~0.18 h)
2025-12-16 10:17:06 [Telemetry] Node !9e77f1a0: battery 101% (4.521 V), up for 12.0 min (~0.20 h)
2025-12-16 10:18:06 [Telemetry] Node !9e77f1a0: battery 101% (4.442 V), up for 13.0 min (~0.22 h)
2025-12-16 10:19:06 [Telemetry] Node !9e77f1a0: battery 101% (4.48 V), up for 14.0 min (~0.23 h)
2025-12-16 10:20:06 [Telemetry] Node !9e77f1a0: battery 101% (4.513 V), up for 15.0 min (~0.25 h)
2025-12-16 10:21:06 [Telemetry] Node !9e77f1a0: battery 101% (4.5 V), up for 16.0 min (~0.27 h)
2025-12-16 10:21:06 [Telemetry] !9e77f1a0 -> ^all: no device metrics in this packet
2025-12-16 10:22:06 [Telemetry] Node !9e77f1a0: battery 101% (4.53 V), up for 17.0 min (~0.28 h)
2025-12-16 10:23:06 [Telemetry] Node !9e77f1a0: battery 101% (4.535 V), up for 18.0 min (~0.30 h)
2025-12-16 10:24:06 [Telemetry] Node !9e77f1a0: battery 101% (4.511 V), up for 19.0 min (~0.32 h)
2025-12-16 10:25:06 [Telemetry] Node !9e77f1a0: battery 101% (4.488 V), up for 20.0 min (~0.33 h)
2025-12-16 10:26:06 [Telemetry] Node !9e77f1a0: battery 101% (4.498 V), up for 21.0 min (~0.35 h)
2025-12-16 10:26:43 [Packet] !1f6d2344 -> ^all on NODEINFO_APP
2025-12-16 10:27:06 [Telemetry] Node !9e77f1a0: battery 101% (4.448 V), up for 22.0 min (~0.37 h)
2025-12-16 10:27:31 [Telemetry] Node !1f6d2344: battery 67% (3.869 V), up for 1261.4 min (~21.02 h)
2025-12-16 10:28:06 [Telemetry] Node !9e77f1a0: battery 101% (4.517 V), up for 23.0 min (~0.38 h)
2025-12-16 10:29:06 [Telemetry] Node !9e77f1a0: battery 101% (4.492 V), up for 24.0 min (~0.40 h)
2025-12-16 10:30:06 [Telemetry] Node !9e77f1a0: battery 101% (4.513 V), up for 25.0 min (~0.42 h)
2025-12-16 10:31:06 [Telemetry] Node !9e77f1a0: battery 101% (4.459 V), up for 26.0 min (~0.43 h)
2025-12-16 10:32:06 [Telemetry] Node !9e77f1a0: battery 101% (4.466 V), up for 27.0 min (~0.45 h)
2025-12-16 10:33:06 [Telemetry] Node !9e77f1a0: battery 101% (4.498 V), up for 28.0 min (~0.47 h)
2025-12-16 10:34:06 [Telemetry] Node !9e77f1a0: battery 101% (4.457 V), up for 29.0 min (~0.48 h)
2025-12-16 10:35:06 [Telemetry] Node !9e77f1a0: battery 101% (4.478 V), up for 30.0 min (~0.50 h)
2025-12-16 10:36:06 [Telemetry] Node !9e77f1a0: battery 101% (4.488 V), up for 31.0 min (~0.52 h)
2025-12-16 10:36:06 [Telemetry] !9e77f1a0 -> ^all: no device metrics in this packet
2025-12-16 10:37:06 [Telemetry] Node !9e77f1a0: battery 101% (4.467 V), up for 32.0 min (~0.53 h)
2025-12-16 10:38:06 [Telemetry] Node !9e77f1a0: battery 101% (4.459 V), up for 33.0 min (~0.55 h)
2025-12-16 10:39:06 [Telemetry] Node !9e77f1a0: battery 101% (4.466 V), up for 34.0 min (~0.57 h)
2025-12-16 10:40:06 [Telemetry] Node !9e77f1a0: battery 101% (4.456 V), up for 35.0 min (~0.58 h)
2025-12-16 10:41:06 [Telemetry] Node !9e77f1a0: battery 101% (4.45 V), up for 36.0 min (~0.60 h)
2025-12-16 10:42:06 [Telemetry] Node !9e77f1a0: battery 101% (4.47 V), up for 37.0 min (~0.62 h)
2025-12-16 10:43:06 [Telemetry] Node !9e77f1a0: battery 101% (4.533 V), up for 38.0 min (~0.63 h)
2025-12-16 10:44:06 [Telemetry] Node !9e77f1a0: battery 101% (4.51 V), up for 39.0 min (~0.65 h)
2025-12-16 10:45:06 [Telemetry] Node !9e77f1a0: battery 101% (4.448 V), up for 40.0 min (~0.67 h)
2025-12-16 10:45:31 [Telemetry] Node !1f6d2344: battery 67% (3.866 V), up for 1279.4 min (~21.32 h)
2025-12-16 10:46:06 [Telemetry] Node !9e77f1a0: battery 101% (4.461 V), up for 41.0 min (~0.68 h)
2025-12-16 10:47:06 [Telemetry] Node !9e77f1a0: battery 101% (4.519 V), up for 42.0 min (~0.70 h)
2025-12-16 10:48:06 [Telemetry] Node !9e77f1a0: battery 101% (4.477 V), up for 43.0 min (~0.72 h)
2025-12-16 10:49:06 [Telemetry] Node !9e77f1a0: battery 101% (4.428 V), up for 44.0 min (~0.73 h)
2025-12-16 10:50:06 [Telemetry] Node !9e77f1a0: battery 101% (4.5 V), up for 45.0 min (~0.75 h)
2025-12-16 10:51:06 [Telemetry] Node !9e77f1a0: battery 101% (4.433 V), up for 46.0 min (~0.77 h)
2025-12-16 10:51:06 [Telemetry] !9e77f1a0 -> ^all: no device metrics in this packet
2025-12-16 10:52:06 [Telemetry] Node !9e77f1a0: battery 101% (4.52 V), up for 47.0 min (~0.78 h)
2025-12-16 10:53:06 [Telemetry] Node !9e77f1a0: battery 101% (4.443 V), up for 48.0 min (~0.80 h)
2025-12-16 10:54:06 [Telemetry] Node !9e77f1a0: battery 101% (4.525 V), up for 49.0 min (~0.82 h)
2025-12-16 10:55:06 [Telemetry] Node !9e77f1a0: battery 101% (4.44 V), up for 50.0 min (~0.83 h)
2025-12-16 10:56:06 [Telemetry] Node !9e77f1a0: battery 101% (4.516 V), up for 51.0 min (~0.85 h)
2025-12-16 10:57:06 [Telemetry] Node !9e77f1a0: battery 101% (4.437 V), up for 52.0 min (~0.87 h)
2025-12-16 10:58:06 [Telemetry] Node !9e77f1a0: battery 101% (4.492 V), up for 53.0 min (~0.88 h)
2025-12-16 10:59:06 [Telemetry] Node !9e77f1a0: battery 101% (4.455 V), up for 54.0 min (~0.90 h)
2025-12-16 11:00:06 [Telemetry] Node !9e77f1a0: battery 101% (4.464 V), up for 55.0 min (~0.92 h)
2025-12-16 11:01:06 [Telemetry] Node !9e77f1a0: battery 101% (4.532 V), up for 56.0 min (~0.93 h)
2025-12-16 11:02:06 [Telemetry] Node !9e77f1a0: battery 101% (4.435 V), up for 57.0 min (~0.95 h)
2025-12-16 11:03:06 [Telemetry] Node !9e77f1a0: battery 101% (4.483 V), up for 58.0 min (~0.97 h)
2025-12-16 11:03:31 [Telemetry] Node !1f6d2344: battery 66% (3.859 V), up for 1297.5 min (~21.62 h)
2025-12-16 11:04:06 [Telemetry] Node !9e77f1a0: battery 101% (4.459 V), up for 59.0 min (~0.98 h)
2025-12-16 11:05:06 [Telemetry] Node !9e77f1a0: battery 101% (4.47 V), up for 60.0 min (~1.00 h)
2025-12-16 11:06:06 [Telemetry] Node !9e77f1a0: battery 101% (4.503 V), up for 61.0 min (~1.02 h)
2025-12-16 11:06:06 [Telemetry] !9e77f1a0 -> ^all: no device metrics in this packet
2025-12-16 11:07:06 [Telemetry] Node !9e77f1a0: battery 101% (4.547 V), up for 62.0 min (~1.03 h)
2025-12-16 11:08:06 [Telemetry] Node !9e77f1a0: battery 101% (4.44 V), up for 63.0 min (~1.05 h)
2025-12-16 11:09:06 [Telemetry] Node !9e77f1a0: battery 101% (4.476 V), up for 64.0 min (~1.07 h)
2025-12-16 11:10:06 [Telemetry] Node !9e77f1a0: battery 101% (4.522 V), up for 65.0 min (~1.08 h)
2025-12-16 11:11:06 [Telemetry] Node !9e77f1a0: battery 101% (4.423 V), up for 66.0 min (~1.10 h)
2025-12-16 11:12:06 [Telemetry] Node !9e77f1a0: battery 101% (4.418 V), up for 67.0 min (~1.12 h)
2025-12-16 11:13:06 [Telemetry] Node !9e77f1a0: battery 101% (4.473 V), up for 68.0 min (~1.13 h)
2025-12-16 11:14:06 [Telemetry] Node !9e77f1a0: battery 101% (4.519 V), up for 69.0 min (~1.15 h)
2025-12-16 11:15:06 [Telemetry] Node !9e77f1a0: battery 101% (4.551 V), up for 70.0 min (~1.17 h)
2025-12-16 11:16:06 [Telemetry] Node !9e77f1a0: battery 101% (4.466 V), up for 71.0 min (~1.18 h)
2025-12-16 11:17:06 [Telemetry] Node !9e77f1a0: battery 101% (4.469 V), up for 72.0 min (~1.20 h)
2025-12-16 11:18:06 [Telemetry] Node !9e77f1a0: battery 101% (4.463 V), up for 73.0 min (~1.22 h)
2025-12-16 11:19:06 [Telemetry] Node !9e77f1a0: battery 101% (4.493 V), up for 74.0 min (~1.23 h)
2025-12-16 11:20:06 [Telemetry] Node !9e77f1a0: battery 101% (4.465 V), up for 75.0 min (~1.25 h)
2025-12-16 11:21:06 [Telemetry] Node !9e77f1a0: battery 101% (4.447 V), up for 76.0 min (~1.27 h)
2025-12-16 11:21:06 [Telemetry] !9e77f1a0 -> ^all: no device metrics in this packet
2025-12-16 11:21:31 [Telemetry] Node !1f6d2344: battery 64% (3.852 V), up for 1315.5 min (~21.92 h)
2025-12-16 11:22:06 [Telemetry] Node !9e77f1a0: battery 101% (4.437 V), up for 77.0 min (~1.28 h)
2025-12-16 11:23:06 [Telemetry] Node !9e77f1a0: battery 101% (4.458 V), up for 78.0 min (~1.30 h)
2025-12-16 11:24:06 [Telemetry] Node !9e77f1a0: battery 101% (4.493 V), up for 79.0 min (~1.32 h)
2025-12-16 11:25:06 [Telemetry] Node !9e77f1a0: battery 101% (4.536 V), up for 80.0 min (~1.33 h)
2025-12-16 11:26:06 [Telemetry] Node !9e77f1a0: battery 101% (4.546 V), up for 81.0 min (~1.35 h)
2025-12-16 11:27:06 [Telemetry] Node !9e77f1a0: battery 101% (4.419 V), up for 82.0 min (~1.37 h)
2025-12-16 11:28:06 [Telemetry] Node !9e77f1a0: battery 101% (4.383 V), up for 83.0 min (~1.38 h)
2025-12-16 11:29:06 [Telemetry] Node !9e77f1a0: battery 101% (4.409 V), up for 84.0 min (~1.40 h)
2025-12-16 11:31:06 [Telemetry] Node !9e77f1a0: battery 101% (4.423 V), up for 86.0 min (~1.43 h)
2025-12-16 11:32:06 [Telemetry] Node !9e77f1a0: battery 101% (4.441 V), up for 87.0 min (~1.45 h)
2025-12-16 11:33:06 [Telemetry] Node !9e77f1a0: battery 101% (4.501 V), up for 88.0 min (~1.47 h)
2025-12-16 11:34:06 [Telemetry] Node !9e77f1a0: battery 101% (4.455 V), up for 89.0 min (~1.48 h)
2025-12-16 11:35:06 [Telemetry] Node !9e77f1a0: battery 101% (4.427 V), up for 90.0 min (~1.50 h)
2025-12-16 11:36:06 [Telemetry] Node !9e77f1a0: battery 101% (4.453 V), up for 91.0 min (~1.52 h)
2025-12-16 11:36:06 [Telemetry] !9e77f1a0 -> ^all: no device metrics in this packet
2025-12-16 11:37:06 [Telemetry] Node !9e77f1a0: battery 101% (4.501 V), up for 92.0 min (~1.53 h)
2025-12-16 11:38:06 [Telemetry] Node !9e77f1a0: battery 101% (4.454 V), up for 93.0 min (~1.55 h)
2025-12-16 11:39:06 [Telemetry] Node !9e77f1a0: battery 101% (4.409 V), up for 94.0 min (~1.57 h)
2025-12-16 11:39:31 [Telemetry] Node !1f6d2344: battery 63% (3.845 V), up for 1333.5 min (~22.22 h)
2025-12-16 11:40:06 [Telemetry] Node !9e77f1a0: battery 101% (4.445 V), up for 95.0 min (~1.58 h)
2025-12-16 11:41:06 [Telemetry] Node !9e77f1a0: battery 101% (4.474 V), up for 96.0 min (~1.60 h)
2025-12-16 11:42:06 [Telemetry] Node !9e77f1a0: battery 101% (4.48 V), up for 97.0 min (~1.62 h)
2025-12-16 11:43:06 [Telemetry] Node !9e77f1a0: battery 101% (4.489 V), up for 98.0 min (~1.63 h)
2025-12-16 11:44:06 [Telemetry] Node !9e77f1a0: battery 101% (4.505 V), up for 99.0 min (~1.65 h)
2025-12-16 11:45:06 [Telemetry] Node !9e77f1a0: battery 101% (4.532 V), up for 100.0 min (~1.67 h)
2025-12-16 11:46:06 [Telemetry] Node !9e77f1a0: battery 101% (4.523 V), up for 101.0 min (~1.68 h)
2025-12-16 11:47:06 [Telemetry] Node !9e77f1a0: battery 101% (4.535 V), up for 102.0 min (~1.70 h)
2025-12-16 11:48:06 [Telemetry] Node !9e77f1a0: battery 101% (4.549 V), up for 103.0 min (~1.72 h)
2025-12-16 11:49:06 [Telemetry] Node !9e77f1a0: battery 101% (4.423 V), up for 104.0 min (~1.73 h)
2025-12-16 11:50:06 [Telemetry] Node !9e77f1a0: battery 101% (4.406 V), up for 105.0 min (~1.75 h)
2025-12-16 11:51:06 [Telemetry] Node !9e77f1a0: battery 101% (4.438 V), up for 106.0 min (~1.77 h)
2025-12-16 11:51:06 [Telemetry] !9e77f1a0 -> ^all: no device metrics in this packet
2025-12-16 11:52:06 [Telemetry] Node !9e77f1a0: battery 101% (4.396 V), up for 107.0 min (~1.78 h)
2025-12-16 11:53:06 [Telemetry] Node !9e77f1a0: battery 101% (4.401 V), up for 108.0 min (~1.80 h)
2025-12-16 11:54:06 [Telemetry] Node !9e77f1a0: battery 101% (4.396 V), up for 109.0 min (~1.82 h)
2025-12-16 11:55:06 [Telemetry] Node !9e77f1a0: battery 101% (4.427 V), up for 110.0 min (~1.83 h)
2025-12-16 11:56:06 [Telemetry] Node !9e77f1a0: battery 101% (4.448 V), up for 111.0 min (~1.85 h)
2025-12-16 11:57:06 [Telemetry] Node !9e77f1a0: battery 101% (4.463 V), up for 112.0 min (~1.87 h)
2025-12-16 11:57:31 [Telemetry] Node !1f6d2344: battery 63% (3.841 V), up for 1351.5 min (~22.52 h)
2025-12-16 11:58:06 [Telemetry] Node !9e77f1a0: battery 101% (4.496 V), up for 113.0 min (~1.88 h)
2025-12-16 11:59:06 [Telemetry] Node !9e77f1a0: battery 101% (4.524 V), up for 114.0 min (~1.90 h)
2025-12-16 12:00:06 [Telemetry] Node !9e77f1a0: battery 101% (4.474 V), up for 115.0 min (~1.92 h)
2025-12-16 12:01:06 [Telemetry] Node !9e77f1a0: battery 101% (4.481 V), up for 116.0 min (~1.93 h)
2025-12-16 12:02:06 [Telemetry] Node !9e77f1a0: battery 101% (4.49 V), up for 117.0 min (~1.95 h)
2025-12-16 12:03:06 [Telemetry] Node !9e77f1a0: battery 101% (4.459 V), up for 118.0 min (~1.97 h)
2025-12-16 12:04:06 [Telemetry] Node !9e77f1a0: battery 101% (4.452 V), up for 119.0 min (~1.98 h)
2025-12-16 12:05:06 [Telemetry] Node !9e77f1a0: battery 101% (4.446 V), up for 120.0 min (~2.00 h)
2025-12-16 12:06:06 [Telemetry] Node !9e77f1a0: battery 101% (4.474 V), up for 121.0 min (~2.02 h)
2025-12-16 12:06:06 [Telemetry] !9e77f1a0 -> ^all: no device metrics in this packet
2025-12-16 12:07:06 [Telemetry] Node !9e77f1a0: battery 101% (4.497 V), up for 122.0 min (~2.03 h)
2025-12-16 12:08:06 [Telemetry] Node !9e77f1a0: battery 101% (4.452 V), up for 123.0 min (~2.05 h)
2025-12-16 12:09:06 [Telemetry] Node !9e77f1a0: battery 101% (4.45 V), up for 124.0 min (~2.07 h)
2025-12-16 12:10:06 [Telemetry] Node !9e77f1a0: battery 101% (4.498 V), up for 125.0 min (~2.08 h)
2025-12-16 12:11:06 [Telemetry] Node !9e77f1a0: battery 101% (4.468 V), up for 126.0 min (~2.10 h)
2025-12-16 12:12:06 [Telemetry] Node !9e77f1a0: battery 101% (4.462 V), up for 127.0 min (~2.12 h)
2025-12-16 12:13:07 [Telemetry] Node !9e77f1a0: battery 101% (4.457 V), up for 128.0 min (~2.13 h)
2025-12-16 12:14:06 [Telemetry] Node !9e77f1a0: battery 101% (4.445 V), up for 129.0 min (~2.15 h)
2025-12-16 12:15:06 [Telemetry] Node !9e77f1a0: battery 101% (4.435 V), up for 130.0 min (~2.17 h)
2025-12-16 12:15:32 [Telemetry] Node !1f6d2344: battery 62% (3.836 V), up for 1369.5 min (~22.82 h)
2025-12-16 12:16:07 [Telemetry] Node !9e77f1a0: battery 101% (4.389 V), up for 131.0 min (~2.18 h)
2025-12-16 12:17:07 [Telemetry] Node !9e77f1a0: battery 101% (4.431 V), up for 132.0 min (~2.20 h)
2025-12-16 12:18:07 [Telemetry] Node !9e77f1a0: battery 101% (4.49 V), up for 133.0 min (~2.22 h)
2025-12-16 12:19:07 [Telemetry] Node !9e77f1a0: battery 101% (4.479 V), up for 134.0 min (~2.23 h)
2025-12-16 12:20:07 [Telemetry] Node !9e77f1a0: battery 101% (4.508 V), up for 135.0 min (~2.25 h)
2025-12-16 12:20:17 [Packet] None -> ^all on POSITION_APP
2025-12-16 12:20:22 [Packet] !9e77f1a0 -> ^all on POSITION_APP
2025-12-16 12:20:25 [Packet] !3c86344e -> !9e77f1a0 on NODEINFO_APP
2025-12-16 12:20:36 [Packet] !3c86344e -> ^all on POSITION_APP
2025-12-16 12:21:07 [Telemetry] Node !9e77f1a0: battery 101% (4.425 V), up for 136.0 min (~2.27 h)
2025-12-16 12:21:07 [Telemetry] !9e77f1a0 -> ^all: no device metrics in this packet
2025-12-16 12:22:07 [Telemetry] Node !9e77f1a0: battery 101% (4.446 V), up for 137.0 min (~2.28 h)
2025-12-16 12:23:07 [Telemetry] Node !9e77f1a0: battery 101% (4.439 V), up for 138.0 min (~2.30 h)
2025-12-16 12:24:07 [Telemetry] Node !9e77f1a0: battery 101% (4.52 V), up for 139.0 min (~2.32 h)
2025-12-16 12:25:07 [Telemetry] Node !9e77f1a0: battery 101% (4.516 V), up for 140.0 min (~2.33 h)
2025-12-16 12:26:07 [Telemetry] Node !9e77f1a0: battery 101% (4.388 V), up for 141.0 min (~2.35 h)
2025-12-16 12:27:07 [Telemetry] Node !9e77f1a0: battery 101% (4.438 V), up for 142.0 min (~2.37 h)
2025-12-16 12:28:07 [Telemetry] Node !9e77f1a0: battery 101% (4.486 V), up for 143.0 min (~2.38 h)
2025-12-16 12:29:07 [Telemetry] Node !9e77f1a0: battery 101% (4.502 V), up for 144.0 min (~2.40 h)
2025-12-16 12:30:07 [Telemetry] Node !9e77f1a0: battery 101% (4.43 V), up for 145.0 min (~2.42 h)
2025-12-16 12:31:07 [Telemetry] Node !9e77f1a0: battery 101% (4.435 V), up for 146.0 min (~2.43 h)
2025-12-16 12:32:07 [Telemetry] Node !9e77f1a0: battery 101% (4.494 V), up for 147.0 min (~2.45 h)
2025-12-16 12:33:07 [Telemetry] Node !9e77f1a0: battery 101% (4.441 V), up for 148.0 min (~2.47 h)
2025-12-16 12:33:32 [Telemetry] Node !1f6d2344: battery 61% (3.83 V), up for 1387.5 min (~23.12 h)
2025-12-16 12:34:07 [Telemetry] Node !9e77f1a0: battery 101% (4.477 V), up for 149.0 min (~2.48 h)
2025-12-16 12:35:07 [Telemetry] Node !9e77f1a0: battery 101% (4.441 V), up for 150.0 min (~2.50 h)
2025-12-16 12:36:07 [Telemetry] Node !9e77f1a0: battery 101% (4.492 V), up for 151.0 min (~2.52 h)
2025-12-16 12:36:07 [Telemetry] !9e77f1a0 -> ^all: no device metrics in this packet
2025-12-16 12:37:07 [Telemetry] Node !9e77f1a0: battery 101% (4.471 V), up for 152.0 min (~2.53 h)
2025-12-16 12:38:07 [Telemetry] Node !9e77f1a0: battery 101% (4.513 V), up for 153.0 min (~2.55 h)
2025-12-16 12:39:07 [Telemetry] Node !9e77f1a0: battery 101% (4.495 V), up for 154.0 min (~2.57 h)
2025-12-16 12:40:07 [Telemetry] Node !9e77f1a0: battery 101% (4.545 V), up for 155.0 min (~2.58 h)
2025-12-16 12:41:07 [Telemetry] Node !9e77f1a0: battery 101% (4.5 V), up for 156.0 min (~2.60 h)
2025-12-16 12:42:07 [Telemetry] Node !9e77f1a0: battery 101% (4.457 V), up for 157.0 min (~2.62 h)
2025-12-16 12:43:07 [Telemetry] Node !9e77f1a0: battery 101% (4.494 V), up for 158.0 min (~2.63 h)
2025-12-16 12:44:07 [Telemetry] Node !9e77f1a0: battery 101% (4.476 V), up for 159.0 min (~2.65 h)
2025-12-16 15:13:57 [INFO] Channel 'default' mapped to local index 0 (Primary)
2025-12-16 15:13:57 [SEND] -> mesh: Testing (dest=!1f6d2344, ch=Primary)
2025-12-16 15:13:57 [ERROR] Failed to send text 'Testing': BrokenPipeError(32, 'Broken pipe')
2025-12-16 15:13:57 [ANNOUNCE-OUT] 66190 (Primary) <- Meshtastic send may have failed. Attempted message was: Testing
2025-12-16 20:26:51 [INFO] Connecting via TCP 192.168.1.42:4403
2025-12-16 20:26:51 [INFO] Meshtastic connection established
2025-12-16 20:26:51 [INFO] Learned my node ID from myInfo: !9e77f1a0
2025-12-16 20:26:51 [INFO] Listener main loop starting
2025-12-16 20:27:09 [Packet] !9e77f1a0 -> ^all on POSITION_APP
2025-12-16 20:28:23 [Telemetry] Node !9e77f1a0: battery 101% (4.495 V), up for 1.0 min (~0.02 h)
2025-12-16 20:28:23 [Telemetry] !9e77f1a0 -> ^all: no device metrics in this packet
2025-12-16 20:29:23 [Telemetry] Node !9e77f1a0: battery 101% (4.515 V), up for 2.0 min (~0.03 h)
2025-12-16 20:30:23 [Telemetry] Node !9e77f1a0: battery 101% (4.523 V), up for 3.0 min (~0.05 h)
2025-12-16 20:31:23 [Packet] !9e758a78 -> ^all on NODEINFO_APP
2025-12-16 20:31:23 [Telemetry] Node !9e77f1a0: battery 101% (4.57 V), up for 4.0 min (~0.07 h)
2025-12-16 20:31:38 [Packet] !9e758a78 -> ^all on POSITION_APP
2025-12-16 20:31:52 [Telemetry] Node !9e758a78: battery 101% (4.221 V), up for 1.0 min (~0.02 h)
2025-12-16 20:32:23 [Telemetry] Node !9e77f1a0: battery 101% (4.551 V), up for 5.0 min (~0.08 h)
2025-12-16 20:33:23 [Telemetry] Node !9e77f1a0: battery 101% (4.546 V), up for 6.0 min (~0.10 h)
2025-12-16 20:33:36 [Telemetry] Node !69855f18: battery 101% (4.317 V), up for 4134.9 min (~68.91 h)
2025-12-16 20:34:10 [Packet] !9e758a78 -> ^all on NODEINFO_APP
2025-12-16 20:34:23 [Telemetry] Node !9e77f1a0: battery 101% (4.552 V), up for 7.0 min (~0.12 h)
2025-12-16 20:34:24 [Packet] !9e758a78 -> ^all on POSITION_APP
2025-12-16 20:34:39 [Telemetry] Node !9e758a78: battery 101% (4.235 V), up for 1.0 min (~0.02 h)
2025-12-16 20:35:23 [Telemetry] Node !9e77f1a0: battery 101% (4.555 V), up for 8.0 min (~0.13 h)
2025-12-16 20:36:23 [Telemetry] Node !9e77f1a0: battery 101% (4.603 V), up for 9.0 min (~0.15 h)
2025-12-16 20:37:23 [Telemetry] Node !9e77f1a0: battery 101% (4.516 V), up for 10.0 min (~0.17 h)
2025-12-16 20:37:24 [Packet] !9e758a78 -> ^all on POSITION_APP
2025-12-16 20:38:23 [Telemetry] Node !9e77f1a0: battery 101% (4.593 V), up for 11.0 min (~0.18 h)
2025-12-16 20:39:21 [Packet] !69855f18 -> ^all on NODEINFO_APP
2025-12-16 20:39:23 [Telemetry] Node !9e77f1a0: battery 101% (4.505 V), up for 12.0 min (~0.20 h)
2025-12-16 20:39:35 [Telemetry] Node !1f6d2344: battery 52% (3.786 V), up for 1873.6 min (~31.23 h)
2025-12-16 20:40:23 [Telemetry] Node !9e77f1a0: battery 101% (4.564 V), up for 13.0 min (~0.22 h)
2025-12-16 20:40:25 [Packet] !9e758a78 -> ^all on POSITION_APP
2025-12-16 20:41:23 [Telemetry] Node !9e77f1a0: battery 101% (4.586 V), up for 14.0 min (~0.23 h)
2025-12-16 20:42:23 [Telemetry] Node !9e77f1a0: battery 101% (4.566 V), up for 15.0 min (~0.25 h)
2025-12-16 20:43:23 [Telemetry] Node !9e77f1a0: battery 101% (4.612 V), up for 16.0 min (~0.27 h)
2025-12-16 20:43:23 [Telemetry] !9e77f1a0 -> ^all: no device metrics in this packet
2025-12-16 20:43:25 [Packet] !9e758a78 -> ^all on POSITION_APP
2025-12-16 20:43:58 [Packet] !69855f18 -> ^all on POSITION_APP
2025-12-16 20:44:23 [Telemetry] Node !9e77f1a0: battery 101% (4.544 V), up for 17.0 min (~0.28 h)
2025-12-16 20:45:23 [Telemetry] Node !9e77f1a0: battery 101% (4.594 V), up for 18.0 min (~0.30 h)
2025-12-16 20:46:23 [Telemetry] Node !9e77f1a0: battery 101% (4.575 V), up for 19.0 min (~0.32 h)
2025-12-16 20:46:25 [Packet] !9e758a78 -> ^all on POSITION_APP
2025-12-16 20:47:23 [Telemetry] Node !9e77f1a0: battery 101% (4.526 V), up for 20.0 min (~0.33 h)
2025-12-16 20:48:23 [Telemetry] Node !9e77f1a0: battery 101% (4.563 V), up for 21.0 min (~0.35 h)
2025-12-16 20:49:23 [Telemetry] Node !9e77f1a0: battery 101% (4.593 V), up for 22.0 min (~0.37 h)
2025-12-16 20:49:25 [Packet] !9e758a78 -> ^all on POSITION_APP
2025-12-16 20:50:23 [Telemetry] Node !9e77f1a0: battery 101% (4.519 V), up for 23.0 min (~0.38 h)
2025-12-16 20:51:23 [Telemetry] Node !9e77f1a0: battery 101% (4.59 V), up for 24.0 min (~0.40 h)
2025-12-16 20:51:39 [Telemetry] Node !69855f18: battery 101% (4.316 V), up for 4152.9 min (~69.22 h)
2025-12-16 20:52:23 [Telemetry] Node !9e77f1a0: battery 101% (4.605 V), up for 25.0 min (~0.42 h)
2025-12-16 20:52:25 [Packet] !9e758a78 -> ^all on POSITION_APP
2025-12-16 20:52:39 [Telemetry] Node !9e758a78: battery 99% (4.189 V), up for 19.0 min (~0.32 h)
2025-12-16 20:53:23 [Telemetry] Node !9e77f1a0: battery 101% (4.576 V), up for 26.0 min (~0.43 h)
2025-12-16 20:54:23 [Telemetry] Node !9e77f1a0: battery 101% (4.579 V), up for 27.0 min (~0.45 h)
2025-12-16 20:55:23 [Telemetry] Node !9e77f1a0: battery 101% (4.565 V), up for 28.0 min (~0.47 h)
2025-12-16 20:55:26 [Packet] !9e758a78 -> ^all on POSITION_APP
2025-12-16 20:56:23 [Telemetry] Node !9e77f1a0: battery 101% (4.573 V), up for 29.0 min (~0.48 h)
2025-12-16 20:57:23 [Telemetry] Node !9e77f1a0: battery 101% (4.548 V), up for 30.0 min (~0.50 h)
2025-12-16 20:57:35 [Telemetry] Node !1f6d2344: battery 50% (3.78 V), up for 1891.6 min (~31.53 h)
2025-12-16 20:58:23 [Telemetry] Node !9e77f1a0: battery 101% (4.569 V), up for 31.0 min (~0.52 h)
2025-12-16 20:58:23 [Telemetry] !9e77f1a0 -> ^all: no device metrics in this packet
2025-12-16 20:58:26 [Packet] !9e758a78 -> ^all on POSITION_APP
2025-12-16 20:59:23 [Telemetry] Node !9e77f1a0: battery 101% (4.578 V), up for 32.0 min (~0.53 h)
2025-12-16 21:00:23 [Telemetry] Node !9e77f1a0: battery 101% (4.528 V), up for 33.0 min (~0.55 h)
2025-12-16 21:01:23 [Telemetry] Node !9e77f1a0: battery 101% (4.585 V), up for 34.0 min (~0.57 h)
2025-12-16 21:01:26 [Packet] !9e758a78 -> ^all on POSITION_APP
2025-12-16 21:01:46 [Packet] !1f6d2344 -> ^all on POSITION_APP
2025-12-16 21:02:23 [Telemetry] Node !9e77f1a0: battery 101% (4.603 V), up for 35.0 min (~0.58 h)
2025-12-16 21:03:23 [Telemetry] Node !9e77f1a0: battery 101% (4.585 V), up for 36.0 min (~0.60 h)
2025-12-16 21:04:11 [Packet] !9e77f1a0 -> ^all on POSITION_APP
2025-12-16 21:04:23 [Telemetry] Node !9e77f1a0: battery 101% (4.576 V), up for 37.0 min (~0.62 h)
2025-12-16 21:04:26 [Packet] !9e758a78 -> ^all on POSITION_APP
2025-12-16 21:05:23 [Telemetry] Node !9e77f1a0: battery 101% (4.508 V), up for 38.0 min (~0.63 h)
2025-12-16 21:06:23 [Telemetry] Node !9e77f1a0: battery 101% (4.598 V), up for 39.0 min (~0.65 h)
2025-12-16 21:07:23 [Telemetry] Node !9e77f1a0: battery 101% (4.563 V), up for 40.0 min (~0.67 h)
2025-12-16 21:07:26 [Packet] !9e758a78 -> ^all on POSITION_APP
2025-12-16 21:08:23 [Telemetry] Node !9e77f1a0: battery 101% (4.527 V), up for 41.0 min (~0.68 h)
2025-12-16 21:09:23 [Telemetry] Node !9e77f1a0: battery 101% (4.575 V), up for 42.0 min (~0.70 h)
2025-12-16 21:09:43 [Telemetry] Node !69855f18: battery 101% (4.316 V), up for 4171.0 min (~69.52 h)
2025-12-16 21:10:23 [Telemetry] Node !9e77f1a0: battery 101% (4.603 V), up for 43.0 min (~0.72 h)
2025-12-16 21:10:26 [Packet] !9e758a78 -> ^all on POSITION_APP
2025-12-16 21:10:39 [Telemetry] Node !9e758a78: battery 101% (4.218 V), up for 37.0 min (~0.62 h)
2025-12-16 21:11:23 [Telemetry] Node !9e77f1a0: battery 101% (4.542 V), up for 44.0 min (~0.73 h)
2025-12-16 21:12:23 [Telemetry] Node !9e77f1a0: battery 101% (4.585 V), up for 45.0 min (~0.75 h)
2025-12-16 21:13:23 [Telemetry] Node !9e77f1a0: battery 101% (4.591 V), up for 46.0 min (~0.77 h)
2025-12-16 21:13:23 [Telemetry] !9e77f1a0 -> ^all: no device metrics in this packet
2025-12-16 21:13:27 [Packet] !9e758a78 -> ^all on POSITION_APP
2025-12-16 21:14:23 [Telemetry] Node !9e77f1a0: battery 101% (4.621 V), up for 47.0 min (~0.78 h)
2025-12-16 21:15:23 [Telemetry] Node !9e77f1a0: battery 101% (4.597 V), up for 48.0 min (~0.80 h)
2025-12-16 21:15:35 [Telemetry] Node !1f6d2344: battery 51% (3.783 V), up for 1909.6 min (~31.83 h)
2025-12-16 21:16:23 [Telemetry] Node !9e77f1a0: battery 101% (4.558 V), up for 49.0 min (~0.82 h)
2025-12-16 21:16:27 [Packet] !9e758a78 -> ^all on POSITION_APP
2025-12-16 21:17:23 [Telemetry] Node !9e77f1a0: battery 101% (4.526 V), up for 50.0 min (~0.83 h)
2025-12-16 21:18:23 [Telemetry] Node !9e77f1a0: battery 101% (4.505 V), up for 51.0 min (~0.85 h)
2025-12-16 21:19:23 [Telemetry] Node !9e77f1a0: battery 101% (4.607 V), up for 52.0 min (~0.87 h)
2025-12-16 21:19:27 [Packet] !9e758a78 -> ^all on POSITION_APP
2025-12-16 21:20:00 [Packet] !69855f18 -> ^all on POSITION_APP
2025-12-16 21:20:23 [Telemetry] Node !9e77f1a0: battery 101% (4.561 V), up for 53.0 min (~0.88 h)
2025-12-16 21:21:23 [Telemetry] Node !9e77f1a0: battery 101% (4.498 V), up for 54.0 min (~0.90 h)
2025-12-16 21:22:23 [Telemetry] Node !9e77f1a0: battery 101% (4.616 V), up for 55.0 min (~0.92 h)
2025-12-16 21:22:27 [Packet] !9e758a78 -> ^all on POSITION_APP
2025-12-16 21:23:23 [Telemetry] Node !9e77f1a0: battery 101% (4.532 V), up for 56.0 min (~0.93 h)
2025-12-16 21:24:23 [Telemetry] Node !9e77f1a0: battery 101% (4.512 V), up for 57.0 min (~0.95 h)
2025-12-16 21:25:23 [Telemetry] Node !9e77f1a0: battery 101% (4.609 V), up for 58.0 min (~0.97 h)
2025-12-16 21:25:28 [Packet] !9e758a78 -> ^all on POSITION_APP
2025-12-16 21:26:23 [Telemetry] Node !9e77f1a0: battery 101% (4.553 V), up for 59.0 min (~0.98 h)
2025-12-16 21:27:23 [Telemetry] Node !9e77f1a0: battery 101% (4.57 V), up for 60.0 min (~1.00 h)
2025-12-16 21:27:47 [Telemetry] Node !69855f18: battery 101% (4.331 V), up for 4189.1 min (~69.82 h)
2025-12-16 21:28:23 [Telemetry] Node !9e77f1a0: battery 101% (4.549 V), up for 61.0 min (~1.02 h)
2025-12-16 21:28:23 [Telemetry] !9e77f1a0 -> ^all: no device metrics in this packet
2025-12-16 21:28:27 [Packet] !9e758a78 -> ^all on POSITION_APP
2025-12-16 21:28:39 [Telemetry] Node !9e758a78: battery 101% (4.261 V), up for 55.0 min (~0.92 h)
2025-12-16 21:29:23 [Telemetry] Node !9e77f1a0: battery 101% (4.596 V), up for 62.0 min (~1.03 h)
2025-12-16 21:30:23 [Telemetry] Node !9e77f1a0: battery 101% (4.561 V), up for 63.0 min (~1.05 h)
2025-12-16 21:31:23 [Telemetry] Node !9e77f1a0: battery 101% (4.589 V), up for 64.0 min (~1.07 h)
2025-12-16 21:31:28 [Packet] !9e758a78 -> ^all on POSITION_APP
2025-12-16 21:32:23 [Telemetry] Node !9e77f1a0: battery 101% (4.524 V), up for 65.0 min (~1.08 h)
2025-12-16 21:33:23 [Telemetry] Node !9e77f1a0: battery 101% (4.558 V), up for 66.0 min (~1.10 h)
2025-12-16 21:33:36 [Telemetry] Node !1f6d2344: battery 50% (3.779 V), up for 1927.6 min (~32.13 h)
2025-12-16 21:34:23 [Telemetry] Node !9e77f1a0: battery 101% (4.508 V), up for 67.0 min (~1.12 h)
2025-12-16 21:34:28 [Packet] !9e758a78 -> ^all on POSITION_APP
2025-12-16 21:35:23 [Telemetry] Node !9e77f1a0: battery 101% (4.573 V), up for 68.0 min (~1.13 h)
2025-12-16 21:36:23 [Telemetry] Node !9e77f1a0: battery 101% (4.502 V), up for 69.0 min (~1.15 h)
2025-12-16 21:37:23 [Telemetry] Node !9e77f1a0: battery 101% (4.558 V), up for 70.0 min (~1.17 h)
2025-12-16 21:37:28 [Packet] !9e758a78 -> ^all on POSITION_APP
2025-12-16 21:37:46 [Packet] !1f6d2344 -> ^all on POSITION_APP
2025-12-16 21:38:23 [Telemetry] Node !9e77f1a0: battery 101% (4.535 V), up for 71.0 min (~1.18 h)
2025-12-16 21:39:23 [Telemetry] Node !9e77f1a0: battery 101% (4.589 V), up for 72.0 min (~1.20 h)
2025-12-16 21:40:12 [Packet] !9e77f1a0 -> ^all on POSITION_APP
2025-12-16 21:40:23 [Telemetry] Node !9e77f1a0: battery 101% (4.596 V), up for 73.0 min (~1.22 h)
2025-12-16 21:40:28 [Packet] !9e758a78 -> ^all on POSITION_APP
2025-12-16 21:41:23 [Telemetry] Node !9e77f1a0: battery 101% (4.519 V), up for 74.0 min (~1.23 h)
2025-12-16 21:42:23 [Telemetry] Node !9e77f1a0: battery 101% (4.642 V), up for 75.0 min (~1.25 h)
2025-12-16 21:43:23 [Telemetry] Node !9e77f1a0: battery 101% (4.625 V), up for 76.0 min (~1.27 h)
2025-12-16 21:43:23 [Telemetry] !9e77f1a0 -> ^all: no device metrics in this packet
2025-12-16 21:43:29 [Packet] !9e758a78 -> ^all on POSITION_APP
2025-12-16 21:44:23 [Telemetry] Node !9e77f1a0: battery 101% (4.641 V), up for 77.0 min (~1.28 h)
2025-12-16 21:45:23 [Telemetry] Node !9e77f1a0: battery 101% (4.593 V), up for 78.0 min (~1.30 h)
2025-12-16 21:45:50 [Telemetry] Node !69855f18: battery 101% (4.317 V), up for 4207.1 min (~70.12 h)
2025-12-16 21:46:23 [Telemetry] Node !9e77f1a0: battery 101% (4.53 V), up for 79.0 min (~1.32 h)
2025-12-16 21:46:28 [Packet] !9e758a78 -> ^all on POSITION_APP
2025-12-16 21:46:40 [Telemetry] Node !9e758a78: battery 101% (4.252 V), up for 73.0 min (~1.22 h)
2025-12-16 21:47:23 [Telemetry] Node !9e77f1a0: battery 101% (4.444 V), up for 80.0 min (~1.33 h)
2025-12-16 21:48:23 [Telemetry] Node !9e77f1a0: battery 101% (4.561 V), up for 81.0 min (~1.35 h)
2025-12-16 21:49:23 [Telemetry] Node !9e77f1a0: battery 101% (4.605 V), up for 82.0 min (~1.37 h)
2025-12-16 21:50:23 [Telemetry] Node !9e77f1a0: battery 101% (4.572 V), up for 83.0 min (~1.38 h)
2025-12-16 21:51:23 [Telemetry] Node !9e77f1a0: battery 101% (4.536 V), up for 84.0 min (~1.40 h)
2025-12-16 21:51:36 [Telemetry] Node !1f6d2344: battery 50% (3.776 V), up for 1945.6 min (~32.43 h)
2025-12-16 21:52:23 [Telemetry] Node !9e77f1a0: battery 101% (4.498 V), up for 85.0 min (~1.42 h)
2025-12-16 21:53:23 [Telemetry] Node !9e77f1a0: battery 101% (4.508 V), up for 86.0 min (~1.43 h)
2025-12-16 21:54:23 [Telemetry] Node !9e77f1a0: battery 101% (4.59 V), up for 87.0 min (~1.45 h)
2025-12-16 21:55:23 [Telemetry] Node !9e77f1a0: battery 101% (4.674 V), up for 88.0 min (~1.47 h)
2025-12-16 21:56:02 [Packet] !69855f18 -> ^all on POSITION_APP
2025-12-16 21:56:23 [Telemetry] Node !9e77f1a0: battery 101% (4.673 V), up for 89.0 min (~1.48 h)
2025-12-16 21:57:23 [Telemetry] Node !9e77f1a0: battery 101% (4.658 V), up for 90.0 min (~1.50 h)
2025-12-16 21:58:23 [Telemetry] Node !9e77f1a0: battery 101% (4.606 V), up for 91.0 min (~1.52 h)
2025-12-16 21:58:23 [Telemetry] !9e77f1a0 -> ^all: no device metrics in this packet
2025-12-16 21:59:23 [Telemetry] Node !9e77f1a0: battery 101% (4.635 V), up for 92.0 min (~1.53 h)
2025-12-16 22:00:23 [Telemetry] Node !9e77f1a0: battery 101% (4.613 V), up for 93.0 min (~1.55 h)
2025-12-16 22:01:23 [Telemetry] Node !9e77f1a0: battery 101% (4.596 V), up for 94.0 min (~1.57 h)
2025-12-16 22:02:23 [Telemetry] Node !9e77f1a0: battery 101% (4.571 V), up for 95.0 min (~1.58 h)
2025-12-16 22:03:23 [Telemetry] Node !9e77f1a0: battery 101% (4.537 V), up for 96.0 min (~1.60 h)
2025-12-16 22:04:23 [Telemetry] Node !9e77f1a0: battery 101% (4.62 V), up for 97.0 min (~1.62 h)
2025-12-16 22:05:23 [Telemetry] Node !9e77f1a0: battery 101% (4.563 V), up for 98.0 min (~1.63 h)
2025-12-16 22:06:23 [Telemetry] Node !9e77f1a0: battery 101% (4.51 V), up for 99.0 min (~1.65 h)
2025-12-16 22:07:23 [Telemetry] Node !9e77f1a0: battery 101% (4.592 V), up for 100.0 min (~1.67 h)
2025-12-16 22:08:23 [Telemetry] Node !9e77f1a0: battery 101% (4.543 V), up for 101.0 min (~1.68 h)
2025-12-16 22:09:18 [Text] !1f6d2344 -> ^all: Testing… hoping I haven’t broken with all the other testing I’ve been doing. Hope yall are well!
2025-12-16 22:09:23 [Telemetry] Node !9e77f1a0: battery 101% (4.574 V), up for 102.0 min (~1.70 h)
2025-12-16 22:10:23 [Telemetry] Node !9e77f1a0: battery 101% (4.563 V), up for 103.0 min (~1.72 h)
2025-12-16 22:11:23 [Telemetry] Node !9e77f1a0: battery 101% (4.582 V), up for 104.0 min (~1.73 h)
2025-12-16 22:12:23 [Telemetry] Node !9e77f1a0: battery 101% (4.603 V), up for 105.0 min (~1.75 h)
2025-12-16 22:13:23 [Telemetry] Node !9e77f1a0: battery 101% (4.514 V), up for 106.0 min (~1.77 h)
2025-12-16 22:13:23 [Telemetry] !9e77f1a0 -> ^all: no device metrics in this packet
2025-12-16 22:13:46 [Packet] !1f6d2344 -> ^all on POSITION_APP
2025-12-16 22:14:23 [Telemetry] Node !9e77f1a0: battery 101% (4.569 V), up for 107.0 min (~1.78 h)
2025-12-16 22:15:23 [Telemetry] Node !9e77f1a0: battery 101% (4.567 V), up for 108.0 min (~1.80 h)
2025-12-16 22:16:14 [Packet] !9e77f1a0 -> ^all on POSITION_APP
2025-12-16 22:16:23 [Telemetry] Node !9e77f1a0: battery 101% (4.505 V), up for 109.0 min (~1.82 h)
2025-12-16 22:17:23 [Telemetry] Node !9e77f1a0: battery 101% (4.583 V), up for 110.0 min (~1.83 h)
2025-12-16 22:18:23 [Telemetry] Node !9e77f1a0: battery 101% (4.533 V), up for 111.0 min (~1.85 h)
2025-12-16 22:19:23 [Telemetry] Node !9e77f1a0: battery 101% (4.612 V), up for 112.0 min (~1.87 h)
2025-12-16 22:20:23 [Telemetry] Node !9e77f1a0: battery 101% (4.569 V), up for 113.0 min (~1.88 h)
2025-12-16 22:21:23 [Telemetry] Node !9e77f1a0: battery 101% (4.515 V), up for 114.0 min (~1.90 h)
2025-12-16 22:21:57 [Telemetry] Node !69855f18: battery 101% (4.316 V), up for 4243.2 min (~70.72 h)
2025-12-16 22:22:23 [Telemetry] Node !9e77f1a0: battery 101% (4.593 V), up for 115.0 min (~1.92 h)
2025-12-16 22:21:50 [INFO] Connecting via TCP 192.168.1.42:4403
2025-12-16 22:21:51 [INFO] Learned my node ID from myInfo: !9e77f1a0
2025-12-16 22:21:51 [INFO] Listener main loop starting
2025-12-16 22:21:51 [INFO] Meshtastic connection established
2025-12-16 22:22:09 [Packet] !9e77f1a0 -> ^all on POSITION_APP
2025-12-16 22:25:02 [Telemetry] Node !9e77f1a0: battery 101% (4.484 V), up for 1.0 min (~0.02 h)
2025-12-16 22:25:02 [Telemetry] !9e77f1a0 -> ^all: no device metrics in this packet
2025-12-16 22:26:02 [Telemetry] Node !9e77f1a0: battery 101% (4.59 V), up for 2.0 min (~0.03 h)
2025-12-16 22:26:39 [Packet] !1f6d2344 -> ^all on NODEINFO_APP
2025-12-16 22:27:02 [Telemetry] Node !9e77f1a0: battery 101% (4.595 V), up for 3.0 min (~0.05 h)
2025-12-16 22:27:36 [Telemetry] Node !1f6d2344: battery 51% (3.782 V), up for 1981.6 min (~33.03 h)
2025-12-16 22:28:02 [Telemetry] Node !9e77f1a0: battery 101% (4.566 V), up for 4.0 min (~0.07 h)
2025-12-16 22:29:02 [Telemetry] Node !9e77f1a0: battery 101% (4.65 V), up for 5.0 min (~0.08 h)
2025-12-16 22:30:02 [Telemetry] Node !9e77f1a0: battery 101% (4.552 V), up for 6.0 min (~0.10 h)
2025-12-16 22:31:02 [Telemetry] Node !9e77f1a0: battery 101% (4.611 V), up for 7.0 min (~0.12 h)
2025-12-16 22:32:02 [Telemetry] Node !9e77f1a0: battery 101% (4.526 V), up for 8.0 min (~0.13 h)
2025-12-16 22:32:04 [Packet] !69855f18 -> ^all on POSITION_APP
2025-12-16 22:33:02 [Telemetry] Node !9e77f1a0: battery 101% (4.542 V), up for 9.0 min (~0.15 h)
2025-12-16 22:34:02 [Telemetry] Node !9e77f1a0: battery 101% (4.559 V), up for 10.0 min (~0.17 h)
2025-12-16 22:35:02 [Telemetry] Node !9e77f1a0: battery 101% (4.592 V), up for 11.0 min (~0.18 h)
2025-12-16 22:36:02 [Telemetry] Node !9e77f1a0: battery 101% (4.63 V), up for 12.0 min (~0.20 h)
2025-12-16 22:37:02 [Telemetry] Node !9e77f1a0: battery 101% (4.643 V), up for 13.0 min (~0.22 h)
2025-12-16 22:38:02 [Telemetry] Node !9e77f1a0: battery 101% (4.639 V), up for 14.0 min (~0.23 h)
2025-12-16 22:39:02 [Telemetry] Node !9e77f1a0: battery 101% (4.629 V), up for 15.0 min (~0.25 h)
2025-12-16 22:40:01 [Telemetry] Node !69855f18: battery 101% (4.319 V), up for 4261.3 min (~71.02 h)
2025-12-16 22:40:02 [Telemetry] Node !9e77f1a0: battery 101% (4.618 V), up for 16.0 min (~0.27 h)
2025-12-16 22:40:02 [Telemetry] !9e77f1a0 -> ^all: no device metrics in this packet
2025-12-16 22:41:02 [Telemetry] Node !9e77f1a0: battery 101% (4.614 V), up for 17.0 min (~0.28 h)
2025-12-16 22:42:02 [Telemetry] Node !9e77f1a0: battery 101% (4.599 V), up for 18.0 min (~0.30 h)
2025-12-16 22:42:25 [Text] !b29f6fec -> ^all: Recieved
2025-12-16 22:43:02 [Telemetry] Node !9e77f1a0: battery 101% (4.554 V), up for 19.0 min (~0.32 h)
2025-12-16 22:43:52 [Text] !1f6d2344 -> ^all: Thank you!
2025-12-16 22:44:02 [Telemetry] Node !9e77f1a0: battery 101% (4.588 V), up for 20.0 min (~0.33 h)
2025-12-16 22:44:22 [Text] !b29f6fec -> ^all: We picked up Union county net tonight
2025-12-16 22:44:40 [Text] !b29f6fec -> ^all: Was surprised
2025-12-16 22:45:02 [Telemetry] Node !9e77f1a0: battery 101% (4.563 V), up for 21.0 min (~0.35 h)
2025-12-16 22:45:27 [Text] !1f6d2344 -> ^all: Oh yeah!?!?  I call that net from time to time. Have you tried keying that repeater up?  
2025-12-16 22:45:36 [Telemetry] Node !1f6d2344: battery 51% (3.783 V), up for 1999.6 min (~33.33 h)
2025-12-16 22:46:02 [Telemetry] Node !9e77f1a0: battery 101% (4.574 V), up for 22.0 min (~0.37 h)
2025-12-16 22:46:29 [Text] !b29f6fec -> ^all: I have didn’t respond. I need to get that antenna into the trees and out of the attic I think…
2025-12-16 22:47:02 [Telemetry] Node !9e77f1a0: battery 101% (4.562 V), up for 23.0 min (~0.38 h)
2025-12-16 22:47:20 [Text] !b29f6fec -> ^all: We also picked up another net at around 9pm on channel 22. A town starting with O…
2025-12-16 22:48:02 [Telemetry] Node !9e77f1a0: battery 101% (4.591 V), up for 24.0 min (~0.40 h)
2025-12-16 22:49:02 [Telemetry] Node !9e77f1a0: battery 101% (4.587 V), up for 25.0 min (~0.42 h)
2025-12-16 22:49:46 [Packet] !1f6d2344 -> ^all on POSITION_APP
2025-12-16 22:50:02 [Telemetry] Node !9e77f1a0: battery 101% (4.581 V), up for 26.0 min (~0.43 h)
2025-12-16 22:50:52 [Text] !b29f6fec -> ^all: I forget the name Michael figured out
2025-12-16 22:51:02 [Telemetry] Node !9e77f1a0: battery 101% (4.549 V), up for 27.0 min (~0.45 h)
2025-12-16 22:52:02 [Telemetry] Node !9e77f1a0: battery 101% (4.626 V), up for 28.0 min (~0.47 h)
2025-12-16 22:53:02 [Telemetry] Node !9e77f1a0: battery 101% (4.559 V), up for 29.0 min (~0.48 h)
2025-12-16 22:53:02 [Text] !1f6d2344 -> ^all: That was probably me. Stanly county GMRS Net started at 8:30. That one’s super laid back. One check in at a time. Check in, chat, check out 
2025-12-16 22:54:02 [Telemetry] Node !9e77f1a0: battery 101% (4.494 V), up for 30.0 min (~0.50 h)
2025-12-16 22:54:39 [Text] !b29f6fec -> ^all: 👍
2025-12-16 22:55:04 [Telemetry] Node !9e77f1a0: battery 101% (4.498 V), up for 31.0 min (~0.52 h)
2025-12-16 22:55:04 [Telemetry] !9e77f1a0 -> ^all: no device metrics in this packet
2025-12-16 22:55:48 [Text] !b29f6fec -> ^all: Couldn’t make out that conversation signal was just too weak
2025-12-16 22:56:02 [Telemetry] Node !9e77f1a0: battery 101% (4.506 V), up for 32.0 min (~0.53 h)
2025-12-16 22:56:14 [Text] !1f6d2344 -> ^all: Yeah that’s a long haul to bennetsville!
2025-12-16 22:57:02 [Telemetry] Node !9e77f1a0: battery 101% (4.591 V), up for 33.0 min (~0.55 h)
2025-12-16 22:58:02 [Telemetry] Node !9e77f1a0: battery 101% (4.526 V), up for 34.0 min (~0.57 h)
2025-12-16 22:58:04 [Telemetry] Node !69855f18: battery 101% (4.321 V), up for 4279.4 min (~71.32 h)
2025-12-16 22:59:02 [Telemetry] Node !9e77f1a0: battery 101% (4.609 V), up for 35.0 min (~0.58 h)
2025-12-16 23:00:02 [Telemetry] Node !9e77f1a0: battery 101% (4.583 V), up for 36.0 min (~0.60 h)
2025-12-16 23:00:51 [Packet] !9e77f1a0 -> ^all on POSITION_APP
2025-12-16 23:01:02 [Telemetry] Node !9e77f1a0: battery 101% (4.517 V), up for 37.0 min (~0.62 h)
2025-12-16 23:02:02 [Telemetry] Node !9e77f1a0: battery 101% (4.616 V), up for 38.0 min (~0.63 h)
2025-12-16 23:02:59 [Text] !b29f6fec -> ^all: 👍
2025-12-16 23:03:02 [Telemetry] Node !9e77f1a0: battery 101% (4.606 V), up for 39.0 min (~0.65 h)
2025-12-16 23:03:36 [Telemetry] Node !1f6d2344: battery 50% (3.78 V), up for 2017.6 min (~33.63 h)
2025-12-16 23:04:02 [Telemetry] Node !9e77f1a0: battery 101% (4.572 V), up for 40.0 min (~0.67 h)
2025-12-16 23:05:02 [Telemetry] Node !9e77f1a0: battery 101% (4.524 V), up for 41.0 min (~0.68 h)
2025-12-16 23:06:03 [Telemetry] Node !9e77f1a0: battery 101% (4.489 V), up for 42.0 min (~0.70 h)
2025-12-16 23:07:03 [Telemetry] Node !9e77f1a0: battery 101% (4.651 V), up for 43.0 min (~0.72 h)
2025-12-16 23:08:02 [Telemetry] Node !9e77f1a0: battery 101% (4.637 V), up for 44.0 min (~0.73 h)
2025-12-16 23:08:07 [Packet] !69855f18 -> ^all on POSITION_APP
2025-12-16 23:09:02 [Telemetry] Node !9e77f1a0: battery 101% (4.598 V), up for 45.0 min (~0.75 h)
2025-12-16 23:11:02 [Telemetry] Node !9e77f1a0: battery 101% (4.604 V), up for 47.0 min (~0.78 h)
2025-12-16 23:12:02 [Telemetry] Node !9e77f1a0: battery 101% (4.521 V), up for 48.0 min (~0.80 h)
2025-12-16 23:13:04 [Telemetry] Node !9e77f1a0: battery 101% (4.608 V), up for 49.0 min (~0.82 h)
2025-12-16 23:14:03 [Telemetry] Node !9e77f1a0: battery 101% (4.541 V), up for 50.0 min (~0.83 h)
2025-12-17 01:12:23 [INFO] Received signal 15, shutting down.
2025-12-17 01:12:24 [INFO] Closing Meshtastic interface
2025-12-17 01:12:24 [WARN] Error while closing interface: BrokenPipeError(32, 'Broken pipe')
2025-12-17 01:12:25 [INFO] Connecting via TCP 192.168.1.42:4403
2025-12-17 01:12:26 [INFO] Meshtastic connection established
2025-12-17 01:12:26 [INFO] Listener main loop starting
2025-12-17 01:12:26 [INFO] Learned my node ID from myInfo: !9e77f1a0
2025-12-17 01:12:26 [Telemetry] Node !9e77f1a0: battery 101% (4.5 V), up for 99.0 min (~1.65 h)
2025-12-17 01:12:56 [Telemetry] Node !9e77f1a0: battery 101% (4.559 V), up for 101.0 min (~1.68 h)
2025-12-17 01:13:47 [Packet] !1f6d2344 -> ^all on POSITION_APP
2025-12-17 01:13:56 [Telemetry] Node !9e77f1a0: battery 101% (4.535 V), up for 102.0 min (~1.70 h)
2025-12-17 01:14:56 [Telemetry] Node !9e77f1a0: battery 101% (4.518 V), up for 103.0 min (~1.72 h)
2025-12-17 01:15:56 [Telemetry] Node !9e77f1a0: battery 101% (4.433 V), up for 104.0 min (~1.73 h)
2025-12-17 01:16:56 [Telemetry] Node !9e77f1a0: battery 101% (4.602 V), up for 105.0 min (~1.75 h)
2025-12-17 01:17:56 [Telemetry] Node !9e77f1a0: battery 101% (4.583 V), up for 106.0 min (~1.77 h)
2025-12-17 01:18:56 [Telemetry] Node !9e77f1a0: battery 101% (4.607 V), up for 107.0 min (~1.78 h)
2025-12-17 01:19:56 [Telemetry] Node !9e77f1a0: battery 101% (4.552 V), up for 108.0 min (~1.80 h)
2025-12-17 01:20:47 [Packet] !9e77f1a0 -> ^all on POSITION_APP
2025-12-17 01:20:56 [Telemetry] Node !9e77f1a0: battery 101% (4.583 V), up for 109.0 min (~1.82 h)
2025-12-17 01:20:56 [Telemetry] !9e77f1a0 -> ^all: no device metrics in this packet
2025-12-17 01:21:56 [Telemetry] Node !9e77f1a0: battery 101% (4.63 V), up for 110.0 min (~1.83 h)
2025-12-17 01:22:32 [Telemetry] Node !69855f18: battery 101% (4.316 V), up for 4423.8 min (~73.73 h)
2025-12-17 01:22:56 [Telemetry] Node !9e77f1a0: battery 101% (4.583 V), up for 111.0 min (~1.85 h)
2025-12-17 01:23:56 [Telemetry] Node !9e77f1a0: battery 101% (4.595 V), up for 112.0 min (~1.87 h)
2025-12-17 01:24:56 [Telemetry] Node !9e77f1a0: battery 101% (4.563 V), up for 113.0 min (~1.88 h)
2025-12-17 01:25:56 [Telemetry] Node !9e77f1a0: battery 101% (4.516 V), up for 114.0 min (~1.90 h)
2025-12-17 01:26:39 [Packet] !1f6d2344 -> ^all on NODEINFO_APP
2025-12-17 01:26:56 [Telemetry] Node !9e77f1a0: battery 101% (4.49 V), up for 115.0 min (~1.92 h)
2025-12-17 01:27:37 [Telemetry] Node !1f6d2344: battery 49% (3.773 V), up for 2161.6 min (~36.03 h)
2025-12-17 01:27:56 [Telemetry] Node !9e77f1a0: battery 101% (4.495 V), up for 116.0 min (~1.93 h)
2025-12-17 01:28:56 [Telemetry] Node !9e77f1a0: battery 101% (4.489 V), up for 117.0 min (~1.95 h)
2025-12-17 01:29:56 [Telemetry] Node !9e77f1a0: battery 101% (4.494 V), up for 118.0 min (~1.97 h)
2025-12-17 01:30:56 [Telemetry] Node !9e77f1a0: battery 101% (4.505 V), up for 119.0 min (~1.98 h)
2025-12-17 01:31:56 [Telemetry] Node !9e77f1a0: battery 101% (4.525 V), up for 120.0 min (~2.00 h)
2025-12-17 01:32:19 [Packet] !69855f18 -> ^all on POSITION_APP
2025-12-17 01:32:56 [Telemetry] Node !9e77f1a0: battery 101% (4.565 V), up for 121.0 min (~2.02 h)
2025-12-17 01:33:56 [Telemetry] Node !9e77f1a0: battery 101% (4.572 V), up for 122.0 min (~2.03 h)
2025-12-17 01:34:56 [Telemetry] Node !9e77f1a0: battery 101% (4.531 V), up for 123.0 min (~2.05 h)
2025-12-17 01:35:56 [Telemetry] Node !9e77f1a0: battery 101% (4.498 V), up for 124.0 min (~2.07 h)
2025-12-17 01:35:56 [Telemetry] !9e77f1a0 -> ^all: no device metrics in this packet
2025-12-17 01:36:56 [Telemetry] Node !9e77f1a0: battery 101% (4.579 V), up for 125.0 min (~2.08 h)
2025-12-17 01:37:56 [Telemetry] Node !9e77f1a0: battery 101% (4.56 V), up for 126.0 min (~2.10 h)
2025-12-17 01:38:56 [Telemetry] Node !9e77f1a0: battery 101% (4.588 V), up for 127.0 min (~2.12 h)
2025-12-17 01:39:56 [Telemetry] Node !9e77f1a0: battery 101% (4.657 V), up for 128.0 min (~2.13 h)
2025-12-17 01:40:31 [Telemetry] Node !69855f18: battery 101% (4.316 V), up for 4441.8 min (~74.03 h)
2025-12-17 01:40:56 [Telemetry] Node !9e77f1a0: battery 101% (4.611 V), up for 129.0 min (~2.15 h)
2025-12-17 01:41:56 [Telemetry] Node !9e77f1a0: battery 101% (4.546 V), up for 130.0 min (~2.17 h)
2025-12-17 01:42:56 [Telemetry] Node !9e77f1a0: battery 101% (4.547 V), up for 131.0 min (~2.18 h)
2025-12-17 01:43:56 [Telemetry] Node !9e77f1a0: battery 101% (4.611 V), up for 132.0 min (~2.20 h)
2025-12-17 01:44:56 [Telemetry] Node !9e77f1a0: battery 101% (4.569 V), up for 133.0 min (~2.22 h)
2025-12-17 01:45:37 [Telemetry] Node !1f6d2344: battery 49% (3.774 V), up for 2179.6 min (~36.33 h)
2025-12-17 01:45:56 [Telemetry] Node !9e77f1a0: battery 101% (4.501 V), up for 134.0 min (~2.23 h)
2025-12-17 01:46:56 [Telemetry] Node !9e77f1a0: battery 101% (4.63 V), up for 135.0 min (~2.25 h)
2025-12-17 01:47:56 [Telemetry] Node !9e77f1a0: battery 101% (4.493 V), up for 136.0 min (~2.27 h)
2025-12-17 01:48:56 [Telemetry] Node !9e77f1a0: battery 101% (4.531 V), up for 137.0 min (~2.28 h)
2025-12-17 01:49:48 [Packet] !1f6d2344 -> ^all on POSITION_APP
2025-12-17 01:49:56 [Telemetry] Node !9e77f1a0: battery 101% (4.586 V), up for 138.0 min (~2.30 h)
2025-12-17 01:50:56 [Telemetry] Node !9e77f1a0: battery 101% (4.615 V), up for 139.0 min (~2.32 h)
2025-12-17 01:50:56 [Telemetry] !9e77f1a0 -> ^all: no device metrics in this packet
2025-12-17 01:51:56 [Telemetry] Node !9e77f1a0: battery 101% (4.576 V), up for 140.0 min (~2.33 h)
2025-12-17 01:52:56 [Telemetry] Node !9e77f1a0: battery 101% (4.555 V), up for 141.0 min (~2.35 h)
2025-12-17 01:53:56 [Telemetry] Node !9e77f1a0: battery 101% (4.512 V), up for 142.0 min (~2.37 h)
2025-12-17 01:54:56 [Telemetry] Node !9e77f1a0: battery 101% (4.49 V), up for 143.0 min (~2.38 h)
2025-12-17 01:55:56 [Telemetry] Node !9e77f1a0: battery 101% (4.58 V), up for 144.0 min (~2.40 h)
2025-12-17 01:56:50 [Packet] !9e77f1a0 -> ^all on POSITION_APP
2025-12-17 01:56:56 [Telemetry] Node !9e77f1a0: battery 101% (4.66 V), up for 145.0 min (~2.42 h)
2025-12-17 01:57:56 [Telemetry] Node !9e77f1a0: battery 101% (4.561 V), up for 146.0 min (~2.43 h)
2025-12-17 01:58:32 [Telemetry] Node !69855f18: battery 101% (4.315 V), up for 4459.8 min (~74.33 h)
2025-12-17 01:58:56 [Telemetry] Node !9e77f1a0: battery 101% (4.624 V), up for 147.0 min (~2.45 h)
2025-12-17 01:59:56 [Telemetry] Node !9e77f1a0: battery 101% (4.593 V), up for 148.0 min (~2.47 h)
2025-12-17 02:00:56 [Telemetry] Node !9e77f1a0: battery 101% (4.562 V), up for 149.0 min (~2.48 h)
2025-12-17 02:01:56 [Telemetry] Node !9e77f1a0: battery 101% (4.543 V), up for 150.0 min (~2.50 h)
2025-12-17 02:02:56 [Telemetry] Node !9e77f1a0: battery 101% (4.547 V), up for 151.0 min (~2.52 h)
2025-12-17 02:03:38 [Telemetry] Node !1f6d2344: battery 49% (3.773 V), up for 2197.6 min (~36.63 h)
2025-12-17 02:03:56 [Telemetry] Node !9e77f1a0: battery 101% (4.543 V), up for 152.0 min (~2.53 h)
2025-12-17 02:04:56 [Telemetry] Node !9e77f1a0: battery 101% (4.545 V), up for 153.0 min (~2.55 h)
2025-12-17 02:05:56 [Telemetry] Node !9e77f1a0: battery 101% (4.535 V), up for 154.0 min (~2.57 h)
2025-12-17 02:05:56 [Telemetry] !9e77f1a0 -> ^all: no device metrics in this packet
2025-12-17 02:06:56 [Telemetry] Node !9e77f1a0: battery 101% (4.535 V), up for 155.0 min (~2.58 h)
2025-12-17 02:07:56 [Telemetry] Node !9e77f1a0: battery 101% (4.553 V), up for 156.0 min (~2.60 h)
2025-12-17 02:08:21 [Packet] !69855f18 -> ^all on POSITION_APP
2025-12-17 02:08:56 [Telemetry] Node !9e77f1a0: battery 101% (4.557 V), up for 157.0 min (~2.62 h)
2025-12-17 02:09:56 [Telemetry] Node !9e77f1a0: battery 101% (4.536 V), up for 158.0 min (~2.63 h)
2025-12-17 02:10:56 [Telemetry] Node !9e77f1a0: battery 101% (4.532 V), up for 159.0 min (~2.65 h)
2025-12-17 02:11:56 [Telemetry] Node !9e77f1a0: battery 101% (4.534 V), up for 160.0 min (~2.67 h)
2025-12-17 02:12:56 [Telemetry] Node !9e77f1a0: battery 101% (4.464 V), up for 161.0 min (~2.68 h)
2025-12-17 02:13:56 [Telemetry] Node !9e77f1a0: battery 101% (4.561 V), up for 162.0 min (~2.70 h)
2025-12-17 02:14:56 [Telemetry] Node !9e77f1a0: battery 101% (4.572 V), up for 163.0 min (~2.72 h)
2025-12-17 02:15:56 [Telemetry] Node !9e77f1a0: battery 101% (4.575 V), up for 164.0 min (~2.73 h)
2025-12-17 02:16:32 [Telemetry] Node !69855f18: battery 101% (4.319 V), up for 4477.8 min (~74.63 h)
2025-12-17 02:16:56 [Telemetry] Node !9e77f1a0: battery 101% (4.575 V), up for 165.0 min (~2.75 h)
2025-12-17 02:17:56 [Telemetry] Node !9e77f1a0: battery 101% (4.499 V), up for 166.0 min (~2.77 h)
2025-12-17 02:18:56 [Telemetry] Node !9e77f1a0: battery 101% (4.563 V), up for 167.0 min (~2.78 h)
2025-12-17 02:19:56 [Telemetry] Node !9e77f1a0: battery 101% (4.547 V), up for 168.0 min (~2.80 h)
2025-12-17 02:20:56 [Telemetry] Node !9e77f1a0: battery 101% (4.508 V), up for 169.0 min (~2.82 h)
2025-12-17 02:20:56 [Telemetry] !9e77f1a0 -> ^all: no device metrics in this packet
2025-12-17 02:21:38 [Telemetry] Node !1f6d2344: battery 48% (3.771 V), up for 2215.6 min (~36.93 h)
2025-12-17 02:21:56 [Telemetry] Node !9e77f1a0: battery 101% (4.621 V), up for 170.0 min (~2.83 h)
2025-12-17 02:22:56 [Telemetry] Node !9e77f1a0: battery 101% (4.519 V), up for 171.0 min (~2.85 h)
2025-12-17 02:23:56 [Telemetry] Node !9e77f1a0: battery 101% (4.572 V), up for 172.0 min (~2.87 h)
2025-12-17 02:24:56 [Telemetry] Node !9e77f1a0: battery 101% (4.513 V), up for 173.0 min (~2.88 h)
2025-12-17 02:25:48 [Packet] !1f6d2344 -> ^all on POSITION_APP
2025-12-17 02:25:56 [Telemetry] Node !9e77f1a0: battery 101% (4.608 V), up for 174.0 min (~2.90 h)
2025-12-17 02:26:56 [Telemetry] Node !9e77f1a0: battery 101% (4.572 V), up for 175.0 min (~2.92 h)
2025-12-17 02:27:56 [Telemetry] Node !9e77f1a0: battery 101% (4.535 V), up for 176.0 min (~2.93 h)
2025-12-17 02:28:56 [Telemetry] Node !9e77f1a0: battery 101% (4.586 V), up for 177.0 min (~2.95 h)
2025-12-17 02:29:56 [Telemetry] Node !9e77f1a0: battery 101% (4.617 V), up for 178.0 min (~2.97 h)
2025-12-17 02:30:56 [Telemetry] Node !9e77f1a0: battery 101% (4.566 V), up for 179.0 min (~2.98 h)
2025-12-17 02:31:56 [Telemetry] Node !9e77f1a0: battery 101% (4.52 V), up for 180.0 min (~3.00 h)
2025-12-17 02:32:53 [Packet] !9e77f1a0 -> ^all on POSITION_APP
2025-12-17 02:32:56 [Telemetry] Node !9e77f1a0: battery 101% (4.5 V), up for 181.0 min (~3.02 h)
2025-12-17 02:33:56 [Telemetry] Node !9e77f1a0: battery 101% (4.48 V), up for 182.0 min (~3.03 h)
2025-12-17 02:34:32 [Telemetry] Node !69855f18: battery 101% (4.316 V), up for 4495.8 min (~74.93 h)
2025-12-17 02:34:56 [Telemetry] Node !9e77f1a0: battery 101% (4.641 V), up for 183.0 min (~3.05 h)
2025-12-17 02:35:56 [Telemetry] Node !9e77f1a0: battery 101% (4.632 V), up for 184.0 min (~3.07 h)
2025-12-17 02:35:56 [Telemetry] !9e77f1a0 -> ^all: no device metrics in this packet
2025-12-17 02:36:56 [Telemetry] Node !9e77f1a0: battery 101% (4.615 V), up for 185.0 min (~3.08 h)
2025-12-17 02:37:56 [Telemetry] Node !9e77f1a0: battery 101% (4.489 V), up for 186.0 min (~3.10 h)
2025-12-17 02:38:56 [Telemetry] Node !9e77f1a0: battery 101% (4.573 V), up for 187.0 min (~3.12 h)
2025-12-17 02:39:21 [Packet] !69855f18 -> ^all on NODEINFO_APP
2025-12-17 02:39:38 [Telemetry] Node !1f6d2344: battery 47% (3.768 V), up for 2233.7 min (~37.23 h)
2025-12-17 02:39:56 [Telemetry] Node !9e77f1a0: battery 101% (4.56 V), up for 188.0 min (~3.13 h)
2025-12-17 02:40:56 [Telemetry] Node !9e77f1a0: battery 101% (4.535 V), up for 189.0 min (~3.15 h)
2025-12-17 02:41:56 [Telemetry] Node !9e77f1a0: battery 101% (4.514 V), up for 190.0 min (~3.17 h)
2025-12-17 02:42:56 [Telemetry] Node !9e77f1a0: battery 101% (4.523 V), up for 191.0 min (~3.18 h)
2025-12-17 02:43:56 [Telemetry] Node !9e77f1a0: battery 101% (4.524 V), up for 192.0 min (~3.20 h)
2025-12-17 02:44:23 [Packet] !69855f18 -> ^all on POSITION_APP
2025-12-17 02:44:56 [Telemetry] Node !9e77f1a0: battery 101% (4.519 V), up for 193.0 min (~3.22 h)
2025-12-17 02:45:56 [Telemetry] Node !9e77f1a0: battery 101% (4.508 V), up for 194.0 min (~3.23 h)
2025-12-17 02:46:56 [Telemetry] Node !9e77f1a0: battery 101% (4.504 V), up for 195.0 min (~3.25 h)
2025-12-17 02:47:56 [Telemetry] Node !9e77f1a0: battery 101% (4.51 V), up for 196.0 min (~3.27 h)
2025-12-17 02:48:56 [Telemetry] Node !9e77f1a0: battery 101% (4.525 V), up for 197.0 min (~3.28 h)
2025-12-17 02:49:56 [Telemetry] Node !9e77f1a0: battery 101% (4.519 V), up for 198.0 min (~3.30 h)
2025-12-17 02:50:56 [Telemetry] Node !9e77f1a0: battery 101% (4.523 V), up for 199.0 min (~3.32 h)
2025-12-17 02:50:56 [Telemetry] !9e77f1a0 -> ^all: no device metrics in this packet
2025-12-17 02:51:56 [Telemetry] Node !9e77f1a0: battery 101% (4.529 V), up for 200.0 min (~3.33 h)
2025-12-17 02:52:32 [Telemetry] Node !69855f18: battery 101% (4.314 V), up for 4513.8 min (~75.23 h)
2025-12-17 02:52:56 [Telemetry] Node !9e77f1a0: battery 101% (4.476 V), up for 201.0 min (~3.35 h)
2025-12-17 02:53:56 [Telemetry] Node !9e77f1a0: battery 101% (4.588 V), up for 202.0 min (~3.37 h)
2025-12-17 02:54:56 [Telemetry] Node !9e77f1a0: battery 101% (4.598 V), up for 203.0 min (~3.38 h)
2025-12-17 02:55:56 [Telemetry] Node !9e77f1a0: battery 101% (4.592 V), up for 204.0 min (~3.40 h)
2025-12-17 02:56:56 [Telemetry] Node !9e77f1a0: battery 101% (4.582 V), up for 205.0 min (~3.42 h)
2025-12-17 02:57:38 [Telemetry] Node !1f6d2344: battery 47% (3.769 V), up for 2251.7 min (~37.53 h)
2025-12-17 02:57:56 [Telemetry] Node !9e77f1a0: battery 101% (4.484 V), up for 206.0 min (~3.43 h)
2025-12-17 02:58:57 [Telemetry] Node !9e77f1a0: battery 101% (4.555 V), up for 207.0 min (~3.45 h)
2025-12-17 02:59:56 [Telemetry] Node !9e77f1a0: battery 101% (4.532 V), up for 208.0 min (~3.47 h)
2025-12-17 03:00:56 [Telemetry] Node !9e77f1a0: battery 101% (4.49 V), up for 209.0 min (~3.48 h)
2025-12-17 03:01:48 [Packet] !1f6d2344 -> ^all on POSITION_APP
2025-12-17 03:01:57 [Telemetry] Node !9e77f1a0: battery 101% (4.635 V), up for 210.0 min (~3.50 h)
2025-12-17 03:02:58 [Telemetry] Node !9e77f1a0: battery 101% (4.541 V), up for 211.0 min (~3.52 h)
2025-12-17 08:26:53 [INFO] Connecting via TCP 192.168.1.42:4403
2025-12-17 08:26:54 [INFO] Meshtastic connection established
2025-12-17 08:26:54 [INFO] Learned my node ID from myInfo: !9e77f1a0
2025-12-17 08:26:54 [INFO] Listener main loop starting
2025-12-17 08:27:11 [Packet] !9e77f1a0 -> ^all on POSITION_APP
2025-12-17 08:33:37 [Telemetry] Node !9e77f1a0: battery 101% (4.504 V), up for 1.0 min (~0.02 h)
2025-12-17 08:33:37 [Telemetry] !9e77f1a0 -> ^all: no device metrics in this packet
2025-12-17 08:34:37 [Telemetry] Node !9e77f1a0: battery 101% (4.489 V), up for 2.0 min (~0.03 h)
2025-12-17 08:35:37 [Telemetry] Node !9e77f1a0: battery 101% (4.568 V), up for 3.0 min (~0.05 h)
2025-12-17 08:36:37 [Telemetry] Node !9e77f1a0: battery 101% (4.47 V), up for 4.0 min (~0.07 h)
2025-12-17 08:37:37 [Telemetry] Node !9e77f1a0: battery 101% (4.491 V), up for 5.0 min (~0.08 h)
2025-12-17 08:38:37 [Telemetry] Node !9e77f1a0: battery 101% (4.518 V), up for 6.0 min (~0.10 h)
2025-12-17 08:39:37 [Telemetry] Node !9e77f1a0: battery 101% (4.527 V), up for 7.0 min (~0.12 h)
2025-12-17 08:39:41 [Telemetry] Node !1f6d2344: battery 22% (3.704 V), up for 2593.7 min (~43.23 h)
2025-12-17 08:40:37 [Telemetry] Node !9e77f1a0: battery 101% (4.522 V), up for 8.0 min (~0.13 h)
2025-12-17 08:41:37 [Telemetry] Node !9e77f1a0: battery 101% (4.51 V), up for 9.0 min (~0.15 h)
2025-12-17 08:42:37 [Telemetry] Node !9e77f1a0: battery 101% (4.479 V), up for 10.0 min (~0.17 h)
2025-12-17 08:43:37 [Telemetry] Node !9e77f1a0: battery 101% (4.528 V), up for 11.0 min (~0.18 h)
2025-12-17 08:44:37 [Telemetry] Node !9e77f1a0: battery 101% (4.522 V), up for 12.0 min (~0.20 h)
2025-12-17 08:45:37 [Telemetry] Node !9e77f1a0: battery 101% (4.519 V), up for 13.0 min (~0.22 h)
2025-12-17 08:46:37 [Telemetry] Node !9e77f1a0: battery 101% (4.514 V), up for 14.0 min (~0.23 h)
2025-12-17 08:47:37 [Telemetry] Node !9e77f1a0: battery 101% (4.515 V), up for 15.0 min (~0.25 h)
2025-12-17 08:48:37 [Telemetry] Node !9e77f1a0: battery 101% (4.468 V), up for 16.0 min (~0.27 h)
2025-12-17 08:48:37 [Telemetry] !9e77f1a0 -> ^all: no device metrics in this packet
2025-12-17 08:49:37 [Telemetry] Node !9e77f1a0: battery 101% (4.523 V), up for 17.0 min (~0.28 h)
2025-12-17 08:52:37 [Telemetry] Node !9e77f1a0: battery 101% (4.527 V), up for 20.0 min (~0.33 h)
2025-12-17 08:53:37 [Telemetry] Node !9e77f1a0: battery 101% (4.529 V), up for 21.0 min (~0.35 h)
2025-12-17 08:54:37 [Telemetry] Node !9e77f1a0: battery 101% (4.512 V), up for 22.0 min (~0.37 h)
2025-12-17 08:55:37 [Telemetry] Node !9e77f1a0: battery 101% (4.494 V), up for 23.0 min (~0.38 h)
2025-12-17 08:56:37 [Telemetry] Node !9e77f1a0: battery 101% (4.474 V), up for 24.0 min (~0.40 h)
2025-12-17 08:57:37 [Telemetry] Node !9e77f1a0: battery 101% (4.464 V), up for 25.0 min (~0.42 h)
2025-12-17 08:57:41 [Telemetry] Node !1f6d2344: battery 20% (3.696 V), up for 2611.7 min (~43.53 h)
2025-12-17 08:58:37 [Telemetry] Node !9e77f1a0: battery 101% (4.509 V), up for 26.0 min (~0.43 h)
2025-12-17 08:59:37 [Telemetry] Node !9e77f1a0: battery 101% (4.514 V), up for 27.0 min (~0.45 h)
2025-12-17 09:00:37 [Telemetry] Node !9e77f1a0: battery 101% (4.43 V), up for 28.0 min (~0.47 h)
2025-12-17 09:01:37 [Telemetry] Node !9e77f1a0: battery 101% (4.468 V), up for 29.0 min (~0.48 h)
2025-12-17 09:02:37 [Telemetry] Node !9e77f1a0: battery 101% (4.429 V), up for 30.0 min (~0.50 h)
2025-12-17 09:03:37 [Telemetry] Node !9e77f1a0: battery 101% (4.458 V), up for 31.0 min (~0.52 h)
2025-12-17 09:03:37 [Telemetry] !9e77f1a0 -> ^all: no device metrics in this packet
2025-12-17 09:04:37 [Telemetry] Node !9e77f1a0: battery 101% (4.427 V), up for 32.0 min (~0.53 h)
2025-12-17 09:05:37 [Telemetry] Node !9e77f1a0: battery 101% (4.493 V), up for 33.0 min (~0.55 h)
2025-12-17 09:06:37 [Telemetry] Node !9e77f1a0: battery 101% (4.519 V), up for 34.0 min (~0.57 h)
2025-12-17 09:07:37 [Telemetry] Node !9e77f1a0: battery 101% (4.459 V), up for 35.0 min (~0.58 h)
2025-12-17 09:44:20 [INFO] Received signal 15, shutting down.
2025-12-17 09:44:20 [INFO] Closing Meshtastic interface
2025-12-17 09:44:20 [WARN] Error while closing interface: BrokenPipeError(32, 'Broken pipe')
2025-12-17 09:44:35 [INFO] Connecting via TCP 192.168.1.42:4403
2025-12-17 09:44:36 [INFO] Meshtastic connection established
2025-12-17 09:44:36 [INFO] Learned my node ID from myInfo: !9e77f1a0
2025-12-17 09:44:36 [INFO] Listener main loop starting
2025-12-17 09:45:13 [Packet] !9e77f1a0 -> ^all on POSITION_APP
2025-12-17 09:45:28 [Telemetry] Node !9e77f1a0: battery 101% (4.417 V), up for 1.0 min (~0.02 h)
2025-12-17 09:45:28 [Telemetry] !9e77f1a0 -> ^all: no device metrics in this packet
2025-12-17 09:46:28 [Telemetry] Node !9e77f1a0: battery 101% (4.51 V), up for 2.0 min (~0.03 h)
2025-12-17 09:46:41 [Packet] !9e758a78 -> ^all on POSITION_APP
2025-12-17 09:47:28 [Telemetry] Node !9e77f1a0: battery 101% (4.527 V), up for 3.0 min (~0.05 h)
2025-12-17 09:48:28 [Telemetry] Node !9e77f1a0: battery 101% (4.466 V), up for 4.0 min (~0.07 h)
2025-12-17 09:49:28 [Telemetry] Node !9e77f1a0: battery 101% (4.458 V), up for 5.0 min (~0.08 h)
2025-12-17 09:49:42 [Packet] !9e758a78 -> ^all on POSITION_APP
2025-12-17 09:50:28 [Telemetry] Node !9e77f1a0: battery 101% (4.49 V), up for 6.0 min (~0.10 h)
2025-12-17 09:51:28 [Telemetry] Node !9e77f1a0: battery 101% (4.484 V), up for 7.0 min (~0.12 h)
2025-12-17 09:51:42 [Telemetry] Node !1f6d2344: battery 17% (3.685 V), up for 2665.8 min (~44.43 h)
2025-12-17 09:52:28 [Telemetry] Node !9e77f1a0: battery 101% (4.533 V), up for 8.0 min (~0.13 h)
2025-12-17 09:52:41 [Packet] !9e758a78 -> ^all on POSITION_APP
2025-12-17 09:53:28 [Telemetry] Node !9e77f1a0: battery 101% (4.449 V), up for 9.0 min (~0.15 h)
2025-12-17 09:54:28 [Telemetry] Node !9e77f1a0: battery 101% (4.468 V), up for 10.0 min (~0.17 h)
2025-12-17 09:55:28 [Telemetry] Node !9e77f1a0: battery 101% (4.471 V), up for 11.0 min (~0.18 h)
2025-12-17 09:55:42 [Packet] !9e758a78 -> ^all on POSITION_APP
2025-12-17 09:56:28 [Telemetry] Node !9e77f1a0: battery 101% (4.532 V), up for 12.0 min (~0.20 h)
2025-12-17 09:57:28 [Telemetry] Node !9e77f1a0: battery 101% (4.511 V), up for 13.0 min (~0.22 h)
2025-12-17 09:58:28 [Telemetry] Node !9e77f1a0: battery 101% (4.52 V), up for 14.0 min (~0.23 h)
2025-12-17 09:58:42 [Packet] !9e758a78 -> ^all on POSITION_APP
2025-12-17 09:59:28 [Telemetry] Node !9e77f1a0: battery 101% (4.463 V), up for 15.0 min (~0.25 h)
2025-12-17 10:00:28 [Telemetry] Node !9e77f1a0: battery 101% (4.474 V), up for 16.0 min (~0.27 h)
2025-12-17 10:00:28 [Telemetry] !9e77f1a0 -> ^all: no device metrics in this packet
2025-12-17 10:01:28 [Telemetry] Node !9e77f1a0: battery 101% (4.521 V), up for 17.0 min (~0.28 h)
2025-12-17 10:01:42 [Packet] !9e758a78 -> ^all on POSITION_APP
2025-12-17 10:01:57 [Telemetry] Node !9e758a78: battery 101% (4.226 V), up for 19.1 min (~0.32 h)
2025-12-17 10:02:28 [Telemetry] Node !9e77f1a0: battery 101% (4.484 V), up for 18.0 min (~0.30 h)
2025-12-17 10:03:28 [Telemetry] Node !9e77f1a0: battery 101% (4.45 V), up for 19.0 min (~0.32 h)
2025-12-17 10:04:28 [Telemetry] Node !9e77f1a0: battery 101% (4.463 V), up for 20.0 min (~0.33 h)
2025-12-17 10:04:42 [Packet] !9e758a78 -> ^all on POSITION_APP
2025-12-17 10:05:28 [Telemetry] Node !9e77f1a0: battery 101% (4.517 V), up for 21.0 min (~0.35 h)
2025-12-17 10:06:28 [Telemetry] Node !9e77f1a0: battery 101% (4.464 V), up for 22.0 min (~0.37 h)
2025-12-17 10:07:28 [Telemetry] Node !9e77f1a0: battery 101% (4.452 V), up for 23.0 min (~0.38 h)
2025-12-17 10:07:43 [Packet] !9e758a78 -> ^all on POSITION_APP
2025-12-17 10:08:28 [Telemetry] Node !9e77f1a0: battery 101% (4.476 V), up for 24.0 min (~0.40 h)
2025-12-17 10:09:28 [Telemetry] Node !9e77f1a0: battery 101% (4.453 V), up for 25.0 min (~0.42 h)
2025-12-17 10:09:42 [Telemetry] Node !1f6d2344: battery 17% (3.685 V), up for 2683.8 min (~44.73 h)
2025-12-17 10:10:28 [Telemetry] Node !9e77f1a0: battery 101% (4.512 V), up for 26.0 min (~0.43 h)
2025-12-17 10:10:43 [Packet] !9e758a78 -> ^all on POSITION_APP
2025-12-17 10:11:28 [Telemetry] Node !9e77f1a0: battery 101% (4.493 V), up for 27.0 min (~0.45 h)
2025-12-17 10:12:28 [Telemetry] Node !9e77f1a0: battery 101% (4.55 V), up for 28.0 min (~0.47 h)
2025-12-17 10:13:28 [Telemetry] Node !9e77f1a0: battery 101% (4.49 V), up for 29.0 min (~0.48 h)
2025-12-17 10:13:43 [Packet] !9e758a78 -> ^all on POSITION_APP
2025-12-17 10:14:28 [Telemetry] Node !9e77f1a0: battery 101% (4.449 V), up for 30.0 min (~0.50 h)
2025-12-17 10:15:28 [Telemetry] Node !9e77f1a0: battery 101% (4.514 V), up for 31.0 min (~0.52 h)
2025-12-17 10:15:28 [Telemetry] !9e77f1a0 -> ^all: no device metrics in this packet
2025-12-17 10:16:44 [Packet] !9e758a78 -> ^all on POSITION_APP
2025-12-17 13:24:36 [INFO] Connecting via TCP 192.168.1.42:4403
2025-12-17 13:24:36 [INFO] Learned my node ID from myInfo: !9e77f1a0
2025-12-17 13:24:36 [INFO] Listener main loop starting
2025-12-17 13:24:36 [INFO] Meshtastic connection established
2025-12-17 13:25:50 [Packet] !9e77f1a0 -> ^all on POSITION_APP
2025-12-17 13:26:05 [Telemetry] Node !9e77f1a0: battery 101% (4.416 V), up for 1.0 min (~0.02 h)
2025-12-17 13:26:05 [Telemetry] !9e77f1a0 -> ^all: no device metrics in this packet
2025-12-17 13:26:35 [Packet] !1f6d2344 -> ^all on NODEINFO_APP
2025-12-17 13:27:05 [Telemetry] Node !9e77f1a0: battery 101% (4.423 V), up for 2.0 min (~0.03 h)
2025-12-17 13:27:43 [Telemetry] Node !1f6d2344: battery 101% (3.826 V), up for 2881.8 min (~48.03 h)
2025-12-17 13:28:05 [Telemetry] Node !9e77f1a0: battery 101% (4.567 V), up for 3.0 min (~0.05 h)
2025-12-17 13:29:05 [Telemetry] Node !9e77f1a0: battery 101% (4.602 V), up for 4.0 min (~0.07 h)
2025-12-17 13:30:05 [Telemetry] Node !9e77f1a0: battery 101% (4.483 V), up for 5.0 min (~0.08 h)
2025-12-17 13:31:05 [Telemetry] Node !9e77f1a0: battery 101% (4.5 V), up for 6.0 min (~0.10 h)
2025-12-17 13:32:05 [Telemetry] Node !9e77f1a0: battery 101% (4.587 V), up for 7.0 min (~0.12 h)
2025-12-17 13:33:05 [Telemetry] Node !9e77f1a0: battery 101% (4.524 V), up for 8.0 min (~0.13 h)
2025-12-17 13:34:05 [Telemetry] Node !9e77f1a0: battery 101% (4.532 V), up for 9.0 min (~0.15 h)
2025-12-17 13:35:05 [Telemetry] Node !9e77f1a0: battery 101% (4.516 V), up for 10.0 min (~0.17 h)
2025-12-17 13:36:05 [Telemetry] Node !9e77f1a0: battery 101% (4.6 V), up for 11.0 min (~0.18 h)
2025-12-17 13:36:10 [INFO] Connecting via TCP 192.168.1.42:4403
2025-12-17 13:36:11 [INFO] Meshtastic connection established
2025-12-17 13:36:11 [INFO] Learned my node ID from myInfo: !9e77f1a0
2025-12-17 13:36:11 [INFO] Listener main loop starting
2025-12-17 13:36:30 [Packet] !9e77f1a0 -> ^all on POSITION_APP
2025-12-17 16:44:37 [Telemetry] Node !9e77f1a0: battery 101% (4.572 V), up for 1.0 min (~0.02 h)
2025-12-17 16:44:37 [Telemetry] !9e77f1a0 -> ^all: no device metrics in this packet
2025-12-17 16:45:37 [Telemetry] Node !9e77f1a0: battery 101% (4.641 V), up for 2.0 min (~0.03 h)
2025-12-17 16:45:45 [Telemetry] Node !1f6d2344: battery 95% (4.128 V), up for 3079.8 min (~51.33 h)
2025-12-17 16:46:37 [Telemetry] Node !9e77f1a0: battery 101% (4.552 V), up for 3.0 min (~0.05 h)
2025-12-17 16:47:37 [Telemetry] Node !9e77f1a0: battery 101% (4.664 V), up for 4.0 min (~0.07 h)
2025-12-17 16:48:37 [Telemetry] Node !9e77f1a0: battery 101% (4.587 V), up for 5.0 min (~0.08 h)
2025-12-17 16:49:37 [Telemetry] Node !9e77f1a0: battery 101% (4.543 V), up for 6.0 min (~0.10 h)
2025-12-17 16:50:37 [Telemetry] Node !9e77f1a0: battery 101% (4.592 V), up for 7.0 min (~0.12 h)
2025-12-17 16:51:37 [Telemetry] Node !9e77f1a0: battery 101% (4.572 V), up for 8.0 min (~0.13 h)
2025-12-17 16:52:37 [Telemetry] Node !9e77f1a0: battery 101% (4.514 V), up for 9.0 min (~0.15 h)
2025-12-17 16:53:37 [Telemetry] Node !9e77f1a0: battery 101% (4.547 V), up for 10.0 min (~0.17 h)
2025-12-17 16:54:37 [Telemetry] Node !9e77f1a0: battery 101% (4.559 V), up for 11.0 min (~0.18 h)
2025-12-17 16:55:37 [Telemetry] Node !9e77f1a0: battery 101% (4.542 V), up for 12.0 min (~0.20 h)
2025-12-17 16:56:37 [Telemetry] Node !9e77f1a0: battery 101% (4.566 V), up for 13.0 min (~0.22 h)
2025-12-17 16:57:37 [Telemetry] Node !9e77f1a0: battery 101% (4.574 V), up for 14.0 min (~0.23 h)
2025-12-17 16:58:37 [Telemetry] Node !9e77f1a0: battery 101% (4.579 V), up for 15.0 min (~0.25 h)
2025-12-17 16:59:37 [Telemetry] Node !9e77f1a0: battery 101% (4.56 V), up for 16.0 min (~0.27 h)
2025-12-17 16:59:37 [Telemetry] !9e77f1a0 -> ^all: no device metrics in this packet
2025-12-17 17:00:37 [Telemetry] Node !9e77f1a0: battery 101% (4.546 V), up for 17.0 min (~0.28 h)
2025-12-17 17:01:37 [Telemetry] Node !9e77f1a0: battery 101% (4.517 V), up for 18.0 min (~0.30 h)
2025-12-17 17:02:37 [Telemetry] Node !9e77f1a0: battery 101% (4.492 V), up for 19.0 min (~0.32 h)
2025-12-17 17:02:47 [Packet] !9e758a78 -> ^all on NODEINFO_APP
2025-12-17 17:03:02 [Packet] !9e758a78 -> ^all on POSITION_APP
2025-12-17 17:03:17 [Telemetry] Node !9e758a78: battery 101% (4.252 V), up for 1.0 min (~0.02 h)
2025-12-17 17:03:37 [Telemetry] Node !9e77f1a0: battery 101% (4.498 V), up for 20.0 min (~0.33 h)
2025-12-17 17:03:45 [Telemetry] Node !1f6d2344: battery 95% (4.118 V), up for 3097.8 min (~51.63 h)
2025-12-17 17:04:37 [Telemetry] Node !9e77f1a0: battery 101% (4.583 V), up for 21.0 min (~0.35 h)
2025-12-17 17:05:37 [Telemetry] Node !9e77f1a0: battery 101% (4.529 V), up for 22.0 min (~0.37 h)
2025-12-17 17:05:53 [Packet] !1f6d2344 -> ^all on POSITION_APP
2025-12-17 17:06:02 [Packet] !9e758a78 -> ^all on POSITION_APP
2025-12-17 17:06:37 [Telemetry] Node !9e77f1a0: battery 101% (4.498 V), up for 23.0 min (~0.38 h)
2025-12-17 17:06:44 [Packet] !1f6d2344 -> ^all on POSITION_APP
2025-12-17 17:07:18 [Packet] !1f6d2344 -> ^all on POSITION_APP
2025-12-17 17:07:37 [Telemetry] Node !9e77f1a0: battery 101% (4.494 V), up for 24.0 min (~0.40 h)
2025-12-17 17:07:49 [Packet] !1f6d2344 -> ^all on POSITION_APP
2025-12-17 17:08:19 [Packet] !1f6d2344 -> ^all on POSITION_APP
2025-12-17 17:08:37 [Telemetry] Node !9e77f1a0: battery 101% (4.55 V), up for 25.0 min (~0.42 h)
2025-12-17 17:09:02 [Packet] !9e758a78 -> ^all on POSITION_APP
2025-12-17 17:09:11 [Packet] !1f6d2344 -> ^all on POSITION_APP
2025-12-17 17:09:37 [Telemetry] Node !9e77f1a0: battery 101% (4.528 V), up for 26.0 min (~0.43 h)
2025-12-17 17:10:21 [Packet] !1f6d2344 -> ^all on POSITION_APP
2025-12-17 17:10:37 [Telemetry] Node !9e77f1a0: battery 101% (4.501 V), up for 27.0 min (~0.45 h)
2025-12-17 17:11:36 [Packet] !1f6d2344 -> ^all on POSITION_APP
2025-12-17 17:11:37 [Telemetry] Node !9e77f1a0: battery 101% (4.507 V), up for 28.0 min (~0.47 h)
2025-12-17 17:12:03 [Packet] !9e758a78 -> ^all on POSITION_APP
2025-12-17 17:12:37 [Telemetry] Node !9e77f1a0: battery 101% (4.515 V), up for 29.0 min (~0.48 h)
2025-12-17 17:13:02 [Packet] !1f6d2344 -> ^all on POSITION_APP
2025-12-17 17:13:37 [Telemetry] Node !9e77f1a0: battery 101% (4.569 V), up for 30.0 min (~0.50 h)
2025-12-17 17:14:33 [Packet] !1f6d2344 -> ^all on POSITION_APP
2025-12-17 17:14:37 [Telemetry] Node !9e77f1a0: battery 101% (4.504 V), up for 31.0 min (~0.52 h)
2025-12-17 17:14:37 [Telemetry] !9e77f1a0 -> ^all: no device metrics in this packet
2025-12-17 17:15:03 [Packet] !9e758a78 -> ^all on POSITION_APP
2025-12-17 17:15:37 [Telemetry] Node !9e77f1a0: battery 101% (4.5 V), up for 32.0 min (~0.53 h)
2025-12-17 17:16:10 [Packet] !1f6d2344 -> ^all on POSITION_APP
2025-12-17 17:16:37 [Telemetry] Node !9e77f1a0: battery 101% (4.485 V), up for 33.0 min (~0.55 h)
2025-12-17 17:17:37 [Telemetry] Node !9e77f1a0: battery 101% (4.541 V), up for 34.0 min (~0.57 h)
2025-12-17 17:17:53 [Packet] !1f6d2344 -> ^all on POSITION_APP
2025-12-17 17:18:03 [Packet] !9e758a78 -> ^all on POSITION_APP
2025-12-17 17:18:37 [Telemetry] Node !9e77f1a0: battery 101% (4.508 V), up for 35.0 min (~0.58 h)
2025-12-17 17:19:37 [Telemetry] Node !9e77f1a0: battery 101% (4.561 V), up for 36.0 min (~0.60 h)
2025-12-17 17:19:44 [Packet] !1f6d2344 -> ^all on POSITION_APP
2025-12-17 17:20:22 [Packet] !9e77f1a0 -> ^all on POSITION_APP
2025-12-17 17:20:37 [Telemetry] Node !9e77f1a0: battery 101% (4.511 V), up for 37.0 min (~0.62 h)
2025-12-17 17:21:03 [Packet] !9e758a78 -> ^all on POSITION_APP
2025-12-17 17:21:17 [Telemetry] Node !9e758a78: battery 101% (4.225 V), up for 19.0 min (~0.32 h)
2025-12-17 17:21:37 [Telemetry] Node !9e77f1a0: battery 101% (4.479 V), up for 38.0 min (~0.63 h)
2025-12-17 17:21:41 [Packet] !1f6d2344 -> ^all on POSITION_APP
2025-12-17 17:21:45 [Telemetry] Node !1f6d2344: battery 94% (4.11 V), up for 3115.8 min (~51.93 h)
2025-12-17 17:22:37 [Telemetry] Node !9e77f1a0: battery 101% (4.568 V), up for 39.0 min (~0.65 h)
2025-12-17 17:23:36 [Packet] !1f6d2344 -> ^all on POSITION_APP
2025-12-17 17:23:37 [Telemetry] Node !9e77f1a0: battery 101% (4.503 V), up for 40.0 min (~0.67 h)
2025-12-17 17:24:03 [Packet] !9e758a78 -> ^all on POSITION_APP
2025-12-17 17:24:37 [Telemetry] Node !9e77f1a0: battery 101% (4.503 V), up for 41.0 min (~0.68 h)
2025-12-17 17:25:37 [Telemetry] Node !9e77f1a0: battery 101% (4.514 V), up for 42.0 min (~0.70 h)
2025-12-17 17:26:37 [Telemetry] Node !9e77f1a0: battery 101% (4.527 V), up for 43.0 min (~0.72 h)
2025-12-17 17:27:00 [Packet] !1f6d2344 -> ^all on POSITION_APP
2025-12-17 17:27:05 [Packet] !9e758a78 -> ^all on POSITION_APP
2025-12-17 17:27:37 [Telemetry] Node !9e77f1a0: battery 101% (4.559 V), up for 44.0 min (~0.73 h)
2025-12-17 17:29:37 [Telemetry] Node !9e77f1a0: battery 101% (4.594 V), up for 46.0 min (~0.77 h)
2025-12-17 17:29:37 [Telemetry] !9e77f1a0 -> ^all: no device metrics in this packet
2025-12-17 17:30:04 [Packet] !9e758a78 -> ^all on POSITION_APP
2025-12-17 17:30:37 [Telemetry] Node !9e77f1a0: battery 101% (4.526 V), up for 47.0 min (~0.78 h)
2025-12-17 17:31:37 [Telemetry] Node !9e77f1a0: battery 101% (4.514 V), up for 48.0 min (~0.80 h)
2025-12-17 17:31:44 [Packet] !1f6d2344 -> ^all on POSITION_APP
2025-12-17 17:32:37 [Telemetry] Node !9e77f1a0: battery 101% (4.564 V), up for 49.0 min (~0.82 h)
2025-12-17 17:33:04 [Packet] !9e758a78 -> ^all on POSITION_APP
2025-12-17 17:33:37 [Telemetry] Node !9e77f1a0: battery 101% (4.502 V), up for 50.0 min (~0.83 h)
2025-12-17 17:33:40 [Packet] !1f6d2344 -> ^all on POSITION_APP
2025-12-17 17:34:37 [Telemetry] Node !9e77f1a0: battery 101% (4.558 V), up for 51.0 min (~0.85 h)
2025-12-17 17:34:59 [Packet] !1f6d2344 -> ^all on POSITION_APP
2025-12-17 17:35:37 [Telemetry] Node !9e77f1a0: battery 101% (4.497 V), up for 52.0 min (~0.87 h)
2025-12-17 17:36:04 [Packet] !9e758a78 -> ^all on POSITION_APP
2025-12-17 17:36:37 [Telemetry] Node !9e77f1a0: battery 101% (4.549 V), up for 53.0 min (~0.88 h)
2025-12-17 17:37:21 [Packet] !1f6d2344 -> ^all on POSITION_APP
2025-12-17 17:37:37 [Telemetry] Node !9e77f1a0: battery 101% (4.52 V), up for 54.0 min (~0.90 h)
2025-12-17 17:38:37 [Telemetry] Node !9e77f1a0: battery 101% (4.549 V), up for 55.0 min (~0.92 h)
2025-12-17 17:39:04 [Packet] !9e758a78 -> ^all on POSITION_APP
2025-12-17 17:39:17 [Telemetry] Node !9e758a78: battery 101% (4.214 V), up for 37.0 min (~0.62 h)
2025-12-17 17:39:37 [Telemetry] Node !9e77f1a0: battery 101% (4.544 V), up for 56.0 min (~0.93 h)
2025-12-17 17:39:45 [Telemetry] Node !1f6d2344: battery 94% (4.106 V), up for 3133.8 min (~52.23 h)
2025-12-17 17:40:37 [Telemetry] Node !9e77f1a0: battery 101% (4.511 V), up for 57.0 min (~0.95 h)
2025-12-17 17:41:37 [Telemetry] Node !9e77f1a0: battery 101% (4.522 V), up for 58.0 min (~0.97 h)
2025-12-17 17:42:05 [Packet] !9e758a78 -> ^all on POSITION_APP
2025-12-17 17:42:37 [Telemetry] Node !9e77f1a0: battery 101% (4.592 V), up for 59.0 min (~0.98 h)
2025-12-17 17:43:37 [Telemetry] Node !9e77f1a0: battery 101% (4.51 V), up for 60.0 min (~1.00 h)
2025-12-17 17:44:37 [Telemetry] Node !9e77f1a0: battery 101% (4.44 V), up for 61.0 min (~1.02 h)
2025-12-17 17:44:37 [Telemetry] !9e77f1a0 -> ^all: no device metrics in this packet
2025-12-17 17:45:05 [Packet] !9e758a78 -> ^all on POSITION_APP
2025-12-17 17:45:37 [Telemetry] Node !9e77f1a0: battery 101% (4.49 V), up for 62.0 min (~1.03 h)
2025-12-17 17:46:37 [Telemetry] Node !9e77f1a0: battery 101% (4.551 V), up for 63.0 min (~1.05 h)
2025-12-17 17:47:37 [Telemetry] Node !9e77f1a0: battery 101% (4.477 V), up for 64.0 min (~1.07 h)
2025-12-17 17:48:05 [Packet] !9e758a78 -> ^all on POSITION_APP
2025-12-17 17:48:37 [Telemetry] Node !9e77f1a0: battery 101% (4.517 V), up for 65.0 min (~1.08 h)
2025-12-17 17:49:37 [Telemetry] Node !9e77f1a0: battery 101% (4.46 V), up for 66.0 min (~1.10 h)
2025-12-17 17:50:37 [Telemetry] Node !9e77f1a0: battery 101% (4.522 V), up for 67.0 min (~1.12 h)
2025-12-17 17:51:05 [Packet] !9e758a78 -> ^all on POSITION_APP
2025-12-17 17:51:37 [Telemetry] Node !9e77f1a0: battery 101% (4.506 V), up for 68.0 min (~1.13 h)
2025-12-17 17:52:37 [Telemetry] Node !9e77f1a0: battery 101% (4.496 V), up for 69.0 min (~1.15 h)
2025-12-17 17:53:37 [Telemetry] Node !9e77f1a0: battery 101% (4.569 V), up for 70.0 min (~1.17 h)
2025-12-17 17:54:05 [Packet] !9e758a78 -> ^all on POSITION_APP
2025-12-17 17:54:37 [Telemetry] Node !9e77f1a0: battery 101% (4.536 V), up for 71.0 min (~1.18 h)
2025-12-17 17:55:37 [Telemetry] Node !9e77f1a0: battery 101% (4.585 V), up for 72.0 min (~1.20 h)
2025-12-17 17:56:23 [Packet] !9e77f1a0 -> ^all on POSITION_APP
2025-12-17 17:56:37 [Telemetry] Node !9e77f1a0: battery 101% (4.472 V), up for 73.0 min (~1.22 h)
2025-12-17 17:57:06 [Packet] !9e758a78 -> ^all on POSITION_APP
2025-12-17 17:57:17 [Telemetry] Node !9e758a78: battery 97% (4.152 V), up for 55.0 min (~0.92 h)
2025-12-17 17:57:37 [Telemetry] Node !9e77f1a0: battery 101% (4.513 V), up for 74.0 min (~1.23 h)
2025-12-17 17:57:45 [Telemetry] Node !1f6d2344: battery 93% (4.092 V), up for 3151.8 min (~52.53 h)
2025-12-17 17:58:37 [Telemetry] Node !9e77f1a0: battery 101% (4.601 V), up for 75.0 min (~1.25 h)
2025-12-17 17:59:37 [Telemetry] Node !9e77f1a0: battery 101% (4.491 V), up for 76.0 min (~1.27 h)
2025-12-17 17:59:37 [Telemetry] !9e77f1a0 -> ^all: no device metrics in this packet
2025-12-17 18:00:00 [Packet] !1f6d2344 -> ^all on POSITION_APP
2025-12-17 18:00:06 [Packet] !9e758a78 -> ^all on POSITION_APP
2025-12-17 18:00:37 [Telemetry] Node !9e77f1a0: battery 101% (4.536 V), up for 77.0 min (~1.28 h)
2025-12-17 18:01:37 [Telemetry] Node !9e77f1a0: battery 101% (4.579 V), up for 78.0 min (~1.30 h)
2025-12-17 18:02:37 [Telemetry] Node !9e77f1a0: battery 101% (4.298 V), up for 79.0 min (~1.32 h)
2025-12-17 18:03:06 [Packet] !9e758a78 -> ^all on POSITION_APP
2025-12-17 18:03:37 [Telemetry] Node !9e77f1a0: battery 101% (4.569 V), up for 80.0 min (~1.33 h)
2025-12-17 18:04:37 [Telemetry] Node !9e77f1a0: battery 101% (4.514 V), up for 81.0 min (~1.35 h)
2025-12-17 18:05:37 [Telemetry] Node !9e77f1a0: battery 101% (4.537 V), up for 82.0 min (~1.37 h)
2025-12-17 18:06:06 [Packet] !9e758a78 -> ^all on POSITION_APP
2025-12-17 18:06:37 [Telemetry] Node !9e77f1a0: battery 101% (4.598 V), up for 83.0 min (~1.38 h)
2025-12-17 18:07:37 [Telemetry] Node !9e77f1a0: battery 101% (4.486 V), up for 84.0 min (~1.40 h)
2025-12-17 18:08:37 [Telemetry] Node !9e77f1a0: battery 101% (4.534 V), up for 85.0 min (~1.42 h)
2025-12-17 18:09:06 [Packet] !9e758a78 -> ^all on POSITION_APP
2025-12-17 18:09:37 [Telemetry] Node !9e77f1a0: battery 101% (4.467 V), up for 86.0 min (~1.43 h)
2025-12-17 18:10:37 [Telemetry] Node !9e77f1a0: battery 101% (4.49 V), up for 87.0 min (~1.45 h)
2025-12-17 18:10:41 [Packet] None -> ^all on NODEINFO_APP
2025-12-17 18:11:37 [Telemetry] Node !9e77f1a0: battery 101% (4.55 V), up for 88.0 min (~1.47 h)
2025-12-17 18:11:38 [Telemetry] Node !db2b380c: battery 101% (4.275 V), up for 5941.6 min (~99.03 h)
2025-12-17 18:12:06 [Packet] !9e758a78 -> ^all on POSITION_APP
2025-12-17 18:12:14 [Packet] !1f6d2344 -> ^all on None
2025-12-17 18:12:37 [Telemetry] Node !9e77f1a0: battery 101% (4.471 V), up for 89.0 min (~1.48 h)
2025-12-17 18:13:37 [Telemetry] Node !9e77f1a0: battery 101% (4.493 V), up for 90.0 min (~1.50 h)
2025-12-17 18:14:37 [Telemetry] Node !9e77f1a0: battery 101% (4.508 V), up for 91.0 min (~1.52 h)
2025-12-17 18:14:37 [Telemetry] !9e77f1a0 -> ^all: no device metrics in this packet
2025-12-17 18:15:06 [Packet] !9e758a78 -> ^all on POSITION_APP
2025-12-17 18:15:18 [Telemetry] Node !9e758a78: battery 98% (4.168 V), up for 73.0 min (~1.22 h)
2025-12-17 18:15:37 [Telemetry] Node !9e77f1a0: battery 101% (4.484 V), up for 92.0 min (~1.53 h)
2025-12-17 18:15:45 [Telemetry] Node !1f6d2344: battery 93% (4.095 V), up for 3169.8 min (~52.83 h)
2025-12-17 18:16:37 [Telemetry] Node !9e77f1a0: battery 101% (4.525 V), up for 93.0 min (~1.55 h)
2025-12-17 18:17:37 [Telemetry] Node !9e77f1a0: battery 101% (4.505 V), up for 94.0 min (~1.57 h)
2025-12-17 18:18:07 [Packet] !9e758a78 -> ^all on POSITION_APP
2025-12-17 18:18:37 [Telemetry] Node !9e77f1a0: battery 101% (4.535 V), up for 95.0 min (~1.58 h)
2025-12-17 18:19:37 [Telemetry] Node !9e77f1a0: battery 101% (4.535 V), up for 96.0 min (~1.60 h)
2025-12-17 18:20:37 [Telemetry] Node !9e77f1a0: battery 101% (4.601 V), up for 97.0 min (~1.62 h)
2025-12-17 18:21:07 [Packet] !9e758a78 -> ^all on POSITION_APP
2025-12-17 18:21:37 [Telemetry] Node !9e77f1a0: battery 101% (4.497 V), up for 98.0 min (~1.63 h)
2025-12-17 18:22:37 [Telemetry] Node !9e77f1a0: battery 101% (4.554 V), up for 99.0 min (~1.65 h)
2025-12-17 18:23:37 [Telemetry] Node !9e77f1a0: battery 101% (4.499 V), up for 100.0 min (~1.67 h)
2025-12-17 18:24:07 [Packet] !9e758a78 -> ^all on POSITION_APP
2025-12-17 18:24:37 [Telemetry] Node !9e77f1a0: battery 101% (4.439 V), up for 101.0 min (~1.68 h)
2025-12-17 18:25:37 [Telemetry] Node !9e77f1a0: battery 101% (4.502 V), up for 102.0 min (~1.70 h)
2025-12-17 18:26:37 [Telemetry] Node !9e77f1a0: battery 101% (4.586 V), up for 103.0 min (~1.72 h)
2025-12-17 18:27:08 [Packet] !9e758a78 -> ^all on POSITION_APP
2025-12-17 18:27:37 [Telemetry] Node !9e77f1a0: battery 101% (4.515 V), up for 104.0 min (~1.73 h)
2025-12-17 18:28:37 [Telemetry] Node !9e77f1a0: battery 101% (4.57 V), up for 105.0 min (~1.75 h)
2025-12-17 18:29:37 [Telemetry] Node !9e77f1a0: battery 101% (4.517 V), up for 106.0 min (~1.77 h)
2025-12-17 18:29:37 [Telemetry] !9e77f1a0 -> ^all: no device metrics in this packet
2025-12-17 18:30:08 [Packet] !9e758a78 -> ^all on POSITION_APP
2025-12-17 18:30:37 [Telemetry] Node !9e77f1a0: battery 101% (4.502 V), up for 107.0 min (~1.78 h)
2025-12-17 18:31:37 [Telemetry] Node !9e77f1a0: battery 101% (4.5 V), up for 108.0 min (~1.80 h)
2025-12-17 18:32:25 [Packet] !9e77f1a0 -> ^all on POSITION_APP
2025-12-17 18:32:37 [Telemetry] Node !9e77f1a0: battery 101% (4.493 V), up for 109.0 min (~1.82 h)
2025-12-17 18:33:37 [Telemetry] Node !9e77f1a0: battery 101% (4.504 V), up for 110.0 min (~1.83 h)
2025-12-17 18:33:46 [Telemetry] Node !1f6d2344: battery 93% (4.09 V), up for 3187.9 min (~53.13 h)
2025-12-17 18:34:37 [Telemetry] Node !9e77f1a0: battery 101% (4.544 V), up for 111.0 min (~1.85 h)
2025-12-17 18:35:37 [Telemetry] Node !9e77f1a0: battery 101% (4.473 V), up for 112.0 min (~1.87 h)
2025-12-17 18:36:04 [Packet] !1f6d2344 -> ^all on POSITION_APP
2025-12-17 18:36:38 [Telemetry] Node !9e77f1a0: battery 101% (4.509 V), up for 113.0 min (~1.88 h)
2025-12-18 18:10:07 [INFO] Connecting via TCP 192.168.1.42:4403
2025-12-18 18:10:08 [INFO] Learned my node ID from myInfo: !9e77f1a0
2025-12-18 18:10:08 [INFO] Listener main loop starting
2025-12-18 18:10:08 [INFO] Meshtastic connection established
2025-12-18 18:13:24 [Packet] !9e77f1a0 -> ^all on POSITION_APP
2025-12-18 18:13:39 [Telemetry] Node !9e77f1a0: battery 101% (4.543 V), up for 1.0 min (~0.02 h)
2025-12-18 18:13:39 [Telemetry] !9e77f1a0 -> ^all: no device metrics in this packet
2025-12-18 18:13:55 [Telemetry] Node !1f6d2344: battery 53% (3.79 V), up for 1405.4 min (~23.42 h)
2025-12-18 18:14:39 [Telemetry] Node !9e77f1a0: battery 101% (4.554 V), up for 2.0 min (~0.03 h)
2025-12-18 18:15:39 [Telemetry] Node !9e77f1a0: battery 101% (4.537 V), up for 3.0 min (~0.05 h)
2025-12-18 18:16:38 [Telemetry] Node !9e77f1a0: battery 101% (4.559 V), up for 4.0 min (~0.07 h)
2025-12-18 18:16:51 [Packet] !913c3b0a -> ^all on POSITION_APP
2025-12-18 18:16:52 [Packet] !913c3b0a -> ^all on POSITION_APP
2025-12-18 18:16:53 [Packet] !913c3b0a -> ^all on POSITION_APP
2025-12-18 18:17:38 [Telemetry] Node !9e77f1a0: battery 101% (4.525 V), up for 5.0 min (~0.08 h)
2025-12-18 18:17:55 [Text] !db582984 -> ^all: !forecast 
2025-12-18 18:18:39 [Telemetry] Node !9e77f1a0: battery 101% (4.506 V), up for 6.0 min (~0.10 h)
2025-12-18 18:18:45 [Packet] !913c3b0a -> ^all on POSITION_APP
2025-12-18 18:18:50 [Text] !9e75d05c -> ^all: WX Tonight:
57F Showers And Thunderstorms
Wind 6 to 14 mph
2025-12-18 18:19:39 [Telemetry] Node !9e77f1a0: battery 101% (4.481 V), up for 7.0 min (~0.12 h)
2025-12-18 18:20:39 [Telemetry] Node !9e77f1a0: battery 101% (4.525 V), up for 8.0 min (~0.13 h)
2025-12-18 18:20:47 [Packet] !913c3b0a -> ^all on POSITION_APP
2025-12-18 18:21:39 [Telemetry] Node !9e77f1a0: battery 101% (4.519 V), up for 9.0 min (~0.15 h)
2025-12-18 18:22:39 [Telemetry] Node !9e77f1a0: battery 101% (4.487 V), up for 10.0 min (~0.17 h)
2025-12-18 18:23:39 [Telemetry] Node !9e77f1a0: battery 101% (4.523 V), up for 11.0 min (~0.18 h)
2025-12-18 18:23:58 [Packet] None -> ^all on NODEINFO_APP
2025-12-18 18:24:39 [Telemetry] Node !9e77f1a0: battery 101% (4.503 V), up for 12.0 min (~0.20 h)
2025-12-18 18:24:53 [Packet] !913c3b0a -> ^all on POSITION_APP
2025-12-18 18:25:39 [Telemetry] Node !9e77f1a0: battery 101% (4.524 V), up for 13.0 min (~0.22 h)
2025-12-18 18:26:39 [Telemetry] Node !9e77f1a0: battery 101% (4.51 V), up for 14.0 min (~0.23 h)
2025-12-18 18:27:39 [Telemetry] Node !9e77f1a0: battery 101% (4.512 V), up for 15.0 min (~0.25 h)
2025-12-18 18:28:39 [Telemetry] Node !9e77f1a0: battery 101% (4.551 V), up for 16.0 min (~0.27 h)
2025-12-18 18:28:39 [Telemetry] !9e77f1a0 -> ^all: no device metrics in this packet
2025-12-18 18:29:39 [Telemetry] Node !9e77f1a0: battery 101% (4.518 V), up for 17.0 min (~0.28 h)
2025-12-18 18:30:38 [Telemetry] Node !9e77f1a0: battery 101% (4.528 V), up for 18.0 min (~0.30 h)
2025-12-18 18:31:39 [Telemetry] Node !9e77f1a0: battery 101% (4.58 V), up for 19.0 min (~0.32 h)
2025-12-18 18:31:51 [Packet] !1f6d2344 -> ^all on POSITION_APP
2025-12-18 18:31:55 [Telemetry] Node !1f6d2344: battery 52% (3.788 V), up for 1423.4 min (~23.72 h)
2025-12-18 18:32:39 [Telemetry] Node !9e77f1a0: battery 101% (4.534 V), up for 20.0 min (~0.33 h)
2025-12-18 18:33:39 [Telemetry] Node !9e77f1a0: battery 101% (4.504 V), up for 21.0 min (~0.35 h)
2025-12-18 18:34:39 [Telemetry] Node !9e77f1a0: battery 101% (4.557 V), up for 22.0 min (~0.37 h)
2025-12-18 18:35:17 [Packet] !1f6d2344 -> ^all on POSITION_APP
2025-12-18 18:35:38 [Telemetry] Node !9e77f1a0: battery 101% (4.571 V), up for 23.0 min (~0.38 h)
2025-12-18 18:36:39 [Telemetry] Node !9e77f1a0: battery 101% (4.541 V), up for 24.0 min (~0.40 h)
2025-12-18 18:36:40 [Packet] !1f6d2344 -> ^all on POSITION_APP
2025-12-18 18:37:39 [Telemetry] Node !9e77f1a0: battery 101% (4.524 V), up for 25.0 min (~0.42 h)
2025-12-18 18:38:10 [Packet] !1f6d2344 -> ^all on POSITION_APP
2025-12-18 18:38:38 [Telemetry] Node !9e77f1a0: battery 101% (4.492 V), up for 26.0 min (~0.43 h)
2025-12-18 18:39:39 [Telemetry] Node !9e77f1a0: battery 101% (4.542 V), up for 27.0 min (~0.45 h)
2025-12-18 18:39:43 [Packet] !1f6d2344 -> ^all on POSITION_APP
2025-12-18 18:40:39 [Telemetry] Node !9e77f1a0: battery 101% (4.534 V), up for 28.0 min (~0.47 h)
2025-12-18 18:41:21 [Packet] !1f6d2344 -> ^all on POSITION_APP
2025-12-18 18:41:39 [Telemetry] Node !9e77f1a0: battery 101% (4.565 V), up for 29.0 min (~0.48 h)
2025-12-18 18:42:39 [Telemetry] Node !9e77f1a0: battery 101% (4.513 V), up for 30.0 min (~0.50 h)
2025-12-18 18:43:06 [Packet] !1f6d2344 -> ^all on POSITION_APP
2025-12-18 18:43:38 [Telemetry] Node !9e77f1a0: battery 101% (4.574 V), up for 31.0 min (~0.52 h)
2025-12-18 18:43:38 [Telemetry] !9e77f1a0 -> ^all: no device metrics in this packet
2025-12-18 18:44:39 [Telemetry] Node !9e77f1a0: battery 101% (4.559 V), up for 32.0 min (~0.53 h)
2025-12-18 18:44:54 [Packet] !1f6d2344 -> ^all on POSITION_APP
2025-12-18 18:45:39 [Telemetry] Node !9e77f1a0: battery 101% (4.524 V), up for 33.0 min (~0.55 h)
2025-12-18 18:46:39 [Telemetry] Node !9e77f1a0: battery 101% (4.583 V), up for 34.0 min (~0.57 h)
2025-12-18 18:46:52 [Packet] !1f6d2344 -> ^all on POSITION_APP
2025-12-18 18:47:38 [Telemetry] Node !9e77f1a0: battery 101% (4.573 V), up for 35.0 min (~0.58 h)
2025-12-18 18:48:38 [Telemetry] Node !9e77f1a0: battery 101% (4.57 V), up for 36.0 min (~0.60 h)
2025-12-18 18:49:11 [Packet] !1f6d2344 -> ^all on NODEINFO_APP
2025-12-18 18:49:26 [Packet] !9e77f1a0 -> ^all on POSITION_APP
2025-12-18 18:49:38 [Telemetry] Node !9e77f1a0: battery 101% (4.503 V), up for 37.0 min (~0.62 h)
2025-12-18 18:49:56 [Telemetry] Node !1f6d2344: battery 53% (3.79 V), up for 1441.4 min (~24.02 h)
2025-12-18 18:50:39 [Telemetry] Node !9e77f1a0: battery 101% (4.563 V), up for 38.0 min (~0.63 h)
2025-12-18 18:51:39 [Telemetry] Node !9e77f1a0: battery 101% (4.57 V), up for 39.0 min (~0.65 h)
2025-12-18 18:52:39 [Telemetry] Node !9e77f1a0: battery 101% (4.494 V), up for 40.0 min (~0.67 h)
2025-12-18 18:53:39 [Telemetry] Node !9e77f1a0: battery 101% (4.527 V), up for 41.0 min (~0.68 h)
2025-12-18 18:53:58 [Telemetry] Node !69855f18: battery 101% (4.319 V), up for 6915.2 min (~115.25 h)
2025-12-18 18:54:00 [Packet] !69853f7c -> ^all on POSITION_APP
2025-12-18 18:54:39 [Telemetry] Node !9e77f1a0: battery 101% (4.511 V), up for 42.0 min (~0.70 h)
2025-12-18 18:55:39 [Telemetry] Node !9e77f1a0: battery 101% (4.554 V), up for 43.0 min (~0.72 h)
2025-12-18 18:56:39 [Telemetry] Node !9e77f1a0: battery 101% (4.506 V), up for 44.0 min (~0.73 h)
2025-12-18 18:57:39 [Telemetry] Node !9e77f1a0: battery 101% (4.555 V), up for 45.0 min (~0.75 h)
2025-12-18 18:58:39 [Telemetry] Node !9e77f1a0: battery 101% (4.567 V), up for 46.0 min (~0.77 h)
2025-12-18 18:58:39 [Telemetry] !9e77f1a0 -> ^all: no device metrics in this packet
2025-12-18 18:59:04 [Packet] !69855f18 -> ^all on POSITION_APP
2025-12-18 18:59:39 [Telemetry] Node !9e77f1a0: battery 101% (4.49 V), up for 47.0 min (~0.78 h)
2025-12-18 19:00:39 [Telemetry] Node !9e77f1a0: battery 101% (4.516 V), up for 48.0 min (~0.80 h)
2025-12-18 19:01:39 [Telemetry] Node !9e77f1a0: battery 101% (4.529 V), up for 49.0 min (~0.82 h)
2025-12-18 19:02:39 [Telemetry] Node !9e77f1a0: battery 101% (4.534 V), up for 50.0 min (~0.83 h)
2025-12-18 19:03:39 [Telemetry] Node !9e77f1a0: battery 101% (4.561 V), up for 51.0 min (~0.85 h)
2025-12-18 19:04:39 [Telemetry] Node !9e77f1a0: battery 101% (4.501 V), up for 52.0 min (~0.87 h)
2025-12-18 19:05:39 [Telemetry] Node !9e77f1a0: battery 101% (4.522 V), up for 53.0 min (~0.88 h)
2025-12-18 19:06:39 [Telemetry] Node !9e77f1a0: battery 101% (4.506 V), up for 54.0 min (~0.90 h)
2025-12-18 19:07:39 [Telemetry] Node !9e77f1a0: battery 101% (4.515 V), up for 55.0 min (~0.92 h)
2025-12-18 19:07:56 [Telemetry] Node !1f6d2344: battery 53% (3.79 V), up for 1459.4 min (~24.32 h)
2025-12-18 19:08:39 [Telemetry] Node !9e77f1a0: battery 101% (4.532 V), up for 56.0 min (~0.93 h)
2025-12-18 19:09:39 [Telemetry] Node !9e77f1a0: battery 101% (4.554 V), up for 57.0 min (~0.95 h)
2025-12-18 19:10:39 [Telemetry] Node !9e77f1a0: battery 101% (4.532 V), up for 58.0 min (~0.97 h)
2025-12-18 19:11:39 [Telemetry] Node !9e77f1a0: battery 101% (4.551 V), up for 59.0 min (~0.98 h)
2025-12-18 19:12:01 [Telemetry] Node !69855f18: battery 101% (4.321 V), up for 6933.3 min (~115.56 h)
2025-12-18 19:12:39 [Telemetry] Node !9e77f1a0: battery 101% (4.569 V), up for 60.0 min (~1.00 h)
2025-12-18 19:13:39 [Telemetry] Node !9e77f1a0: battery 101% (4.498 V), up for 61.0 min (~1.02 h)
2025-12-18 19:13:39 [Telemetry] !9e77f1a0 -> ^all: no device metrics in this packet
2025-12-18 19:14:39 [Telemetry] Node !9e77f1a0: battery 101% (4.499 V), up for 62.0 min (~1.03 h)
2025-12-18 19:15:39 [Telemetry] Node !9e77f1a0: battery 101% (4.493 V), up for 63.0 min (~1.05 h)
2025-12-18 19:16:39 [Telemetry] Node !9e77f1a0: battery 101% (4.498 V), up for 64.0 min (~1.07 h)
2025-12-18 19:17:39 [Telemetry] Node !9e77f1a0: battery 101% (4.493 V), up for 65.0 min (~1.08 h)
2025-12-18 19:18:39 [Telemetry] Node !9e77f1a0: battery 101% (4.457 V), up for 66.0 min (~1.10 h)
2025-12-18 19:19:39 [Telemetry] Node !9e77f1a0: battery 101% (4.479 V), up for 67.0 min (~1.12 h)
2025-12-18 19:20:39 [Telemetry] Node !9e77f1a0: battery 101% (4.547 V), up for 68.0 min (~1.13 h)
2025-12-18 19:21:39 [Telemetry] Node !9e77f1a0: battery 101% (4.511 V), up for 69.0 min (~1.15 h)
2025-12-18 19:22:39 [Telemetry] Node !9e77f1a0: battery 101% (4.483 V), up for 70.0 min (~1.17 h)
2025-12-18 19:22:56 [Packet] !1f6d2344 -> ^all on POSITION_APP
2025-12-18 19:23:39 [Telemetry] Node !9e77f1a0: battery 101% (4.476 V), up for 71.0 min (~1.18 h)
2025-12-18 19:23:46 [Packet] !913c3b0a -> ^all on POSITION_APP
2025-12-18 19:24:39 [Telemetry] Node !9e77f1a0: battery 101% (4.485 V), up for 72.0 min (~1.20 h)
2025-12-18 19:25:28 [Packet] !9e77f1a0 -> ^all on POSITION_APP
2025-12-18 19:25:39 [Telemetry] Node !9e77f1a0: battery 101% (4.522 V), up for 73.0 min (~1.22 h)
2025-12-18 19:25:56 [Telemetry] Node !1f6d2344: battery 52% (3.788 V), up for 1477.4 min (~24.62 h)
2025-12-18 19:26:39 [Telemetry] Node !9e77f1a0: battery 101% (4.478 V), up for 74.0 min (~1.23 h)
2025-12-18 19:27:39 [Text] !1f6d2344 -> ^all: Ohhhhhhhhh!!!!!!!! Just catching up!  Interesting with the prompting. How are you doing that?
2025-12-18 19:27:43 [Packet] !1f6d2344 -> !9e75d05c on NODEINFO_APP
2025-12-18 19:28:27 [Text] !db582984 -> ^all: I have my weather bot running through python and to my base node 
2025-12-18 19:28:32 [Packet] !1f6d2344 -> ^all on None
2025-12-18 19:28:39 [Telemetry] Node !9e77f1a0: battery 101% (4.507 V), up for 76.0 min (~1.27 h)
2025-12-18 19:28:39 [Telemetry] !9e77f1a0 -> ^all: no device metrics in this packet
2025-12-18 19:29:28 [Text] !1f6d2344 -> ^all: Oh, you python!  Oh man there is no telling how far this thread is gonna go lol
2025-12-18 19:29:39 [Telemetry] Node !9e77f1a0: battery 101% (4.574 V), up for 77.0 min (~1.28 h)
2025-12-18 19:29:53 [Text] !db582984 -> ^all: Yeah I’ve been going deep down that rabbit hole haha 
2025-12-18 19:30:05 [Telemetry] Node !69855f18: battery 101% (4.322 V), up for 6951.4 min (~115.86 h)
2025-12-18 19:30:34 [Text] !1f6d2344 -> ^all: I love it. 
2025-12-18 19:30:39 [Telemetry] Node !9e77f1a0: battery 101% (4.506 V), up for 78.0 min (~1.30 h)
2025-12-18 19:31:10 [Text] !db582984 -> ^all: Tonight I am going to get severe weather alerts automated 
2025-12-18 19:31:39 [Telemetry] Node !9e77f1a0: battery 101% (4.492 V), up for 79.0 min (~1.32 h)
2025-12-18 19:31:39 [Text] !1f6d2344 -> ^all: I’m still in phase one with the box, but I want to incorporate some of that kinda stuff too. 
2025-12-18 19:32:26 [Text] !1f6d2344 -> ^all: With the radio too. Ideally using touch tone (dtmf) to prompt commands
2025-12-18 19:32:39 [Telemetry] Node !9e77f1a0: battery 101% (4.507 V), up for 80.0 min (~1.33 h)
2025-12-18 19:32:40 [Text] !1f6d2344 -> ^all: Are you making my node play music?
2025-12-18 19:32:52 [Text] !db582984 -> ^all: I don’t think so lol
2025-12-18 19:33:21 [Text] !1f6d2344 -> ^all: I haven’t heard a peep out of it in forever I tried changing th ring tone the other night but I haven’t heard it. It just played a slow song lol
2025-12-18 19:33:39 [Telemetry] Node !9e77f1a0: battery 101% (4.49 V), up for 81.0 min (~1.35 h)
2025-12-18 19:33:51 [Text] !db582984 -> ^all: Haha that’s wild 
2025-12-18 19:34:39 [Telemetry] Node !9e77f1a0: battery 101% (4.561 V), up for 82.0 min (~1.37 h)
2025-12-18 19:34:48 [Text] !1f6d2344 -> ^all: There’s no telling what that’s all about.  I’ve been pushing code like a mad man the last week or so. The pocket rocket has a"buzzer" that you can do old school ring tones on. 
2025-12-18 19:35:06 [Packet] !69855f18 -> ^all on POSITION_APP
2025-12-18 19:35:39 [Telemetry] Node !9e77f1a0: battery 101% (4.503 V), up for 83.0 min (~1.38 h)
2025-12-18 19:36:39 [Telemetry] Node !9e77f1a0: battery 101% (4.548 V), up for 84.0 min (~1.40 h)
2025-12-18 19:37:39 [Telemetry] Node !9e77f1a0: battery 101% (4.487 V), up for 85.0 min (~1.42 h)
2025-12-18 19:38:39 [Telemetry] Node !9e77f1a0: battery 101% (4.499 V), up for 86.0 min (~1.43 h)
2025-12-18 19:39:31 [Text] !db582984 -> ^all: Which board are you using? I have the heltec v3 
2025-12-18 19:39:39 [Telemetry] Node !9e77f1a0: battery 101% (4.489 V), up for 87.0 min (~1.45 h)
2025-12-18 19:40:39 [Telemetry] Node !9e77f1a0: battery 101% (4.56 V), up for 88.0 min (~1.47 h)
2025-12-18 19:41:24 [Text] !1f6d2344 -> ^all: This is what I call the pocket rocket SenseCAP Card Tracker https://www.amazon.com/dp/B0DJ6KGXKB?ref=ppx_pop_mob_ap_share
2025-12-18 19:41:39 [Telemetry] Node !9e77f1a0: battery 101% (4.48 V), up for 89.0 min (~1.48 h)
2025-12-18 19:42:00 [Text] !db582984 -> ^all: Oooooh ok I’ve seen a lot of people recommend those for on the go 
2025-12-18 19:42:39 [Telemetry] Node !9e77f1a0: battery 101% (4.535 V), up for 90.0 min (~1.50 h)
2025-12-18 19:42:42 [Text] !1f6d2344 -> ^all: I have a h3 in my comms box and another that I just kinda experiment and then a v4 that is in a window sill as a home gateway.  
2025-12-18 19:43:01 [Text] !1f6d2344 -> ^all: I don’t have anything up high. But yes I love the pocket rocket. 
2025-12-18 19:43:16 [Text] !1f6d2344 -> ^all: It came highly recommended to me. 
2025-12-18 19:43:32 [Packet] !4358a2a8 -> ^all on POSITION_APP
2025-12-18 19:43:39 [Telemetry] Node !9e77f1a0: battery 101% (4.497 V), up for 91.0 min (~1.52 h)
2025-12-18 19:43:39 [Telemetry] !9e77f1a0 -> ^all: no device metrics in this packet
2025-12-18 19:43:56 [Telemetry] Node !1f6d2344: battery 52% (3.787 V), up for 1495.4 min (~24.92 h)
2025-12-18 19:44:39 [Telemetry] Node !9e77f1a0: battery 101% (4.568 V), up for 92.0 min (~1.53 h)
2025-12-18 19:44:50 [Packet] !1f6d2344 -> ^all on NODEINFO_APP
2025-12-18 19:45:19 [Telemetry] Node !1f6d2344: battery 51% (3.784 V), up for 1.1 min (~0.02 h)
2025-12-18 19:45:39 [Telemetry] Node !9e77f1a0: battery 101% (4.456 V), up for 93.0 min (~1.55 h)
2025-12-18 19:46:06 [Packet] !1f6d2344 -> ^all on POSITION_APP
2025-12-18 19:46:28 [Text] !db582984 -> ^all: If you ever need some enclosures for your nodes printables.com has a lot of good files that I can print 
2025-12-18 19:46:39 [Telemetry] Node !9e77f1a0: battery 101% (4.493 V), up for 94.0 min (~1.57 h)
2025-12-18 19:47:39 [Telemetry] Node !9e77f1a0: battery 101% (4.56 V), up for 95.0 min (~1.58 h)
2025-12-18 19:48:09 [Telemetry] Node !69855f18: battery 101% (4.321 V), up for 6969.4 min (~116.16 h)
2025-12-18 19:48:39 [Telemetry] Node !9e77f1a0: battery 101% (4.507 V), up for 96.0 min (~1.60 h)
2025-12-18 19:49:39 [Telemetry] Node !9e77f1a0: battery 101% (4.536 V), up for 97.0 min (~1.62 h)
2025-12-18 19:49:39 [Text] !1f6d2344 -> ^all: Are you able to pick up the w4ftk uhf station in pageland?  Kids ham net And they love for kids to check in using your licence
2025-12-18 19:49:49 [Text] !1f6d2344 -> ^all: 👍
2025-12-18 19:50:39 [Telemetry] Node !9e77f1a0: battery 101% (4.504 V), up for 98.0 min (~1.63 h)
2025-12-18 19:51:09 [Text] !69853f7c -> ^all: Hi all
2025-12-18 19:51:39 [Text] !db582984 -> ^all: I’ll have to check, I haven’t tried from my house 
2025-12-18 19:51:50 [Text] !895f3ac2 -> ^all: 👋
2025-12-18 19:52:39 [Telemetry] Node !9e77f1a0: battery 101% (4.59 V), up for 100.0 min (~1.67 h)
2025-12-18 19:53:39 [Telemetry] Node !9e77f1a0: battery 101% (4.499 V), up for 101.0 min (~1.68 h)
2025-12-18 19:54:00 [Text] !077a53b7 -> ^all: Good evening!
2025-12-18 19:54:39 [Telemetry] Node !9e77f1a0: battery 101% (4.535 V), up for 102.0 min (~1.70 h)
2025-12-18 19:55:39 [Telemetry] Node !9e77f1a0: battery 101% (4.58 V), up for 103.0 min (~1.72 h)
2025-12-18 19:56:32 [Text] !9e755904 -> ^all: What’s up buds
2025-12-18 19:56:39 [Telemetry] Node !9e77f1a0: battery 101% (4.454 V), up for 104.0 min (~1.73 h)
2025-12-18 19:57:39 [Telemetry] Node !9e77f1a0: battery 101% (4.491 V), up for 105.0 min (~1.75 h)
2025-12-18 19:58:39 [Telemetry] Node !9e77f1a0: battery 101% (4.529 V), up for 106.0 min (~1.77 h)
2025-12-18 19:58:39 [Telemetry] !9e77f1a0 -> ^all: no device metrics in this packet
2025-12-18 19:58:52 [Text] !db582984 -> ^all: I was able to link to their node 
2025-12-18 19:59:17 [Text] !1f6d2344 -> ^all: You have allstar?
2025-12-18 19:59:39 [Telemetry] Node !9e77f1a0: battery 101% (4.464 V), up for 107.0 min (~1.78 h)
2025-12-18 19:59:52 [Text] !895f3ac2 -> ^all: Work work work haha
2025-12-18 19:59:57 [Text] !1f6d2344 -> ^all: They did meshtastic check ins for the first time tonight…
2025-12-18 20:00:39 [Telemetry] Node !9e77f1a0: battery 101% (4.558 V), up for 108.0 min (~1.80 h)
2025-12-18 20:01:30 [Packet] !9e77f1a0 -> ^all on POSITION_APP
2025-12-18 20:01:39 [Telemetry] Node !9e77f1a0: battery 101% (4.455 V), up for 109.0 min (~1.82 h)
2025-12-18 20:02:03 [Text] !db582984 -> ^all: Yes, using RepeaterPhone app with allstar 
2025-12-18 20:02:12 [Text] !1f6d2344 -> ^all: Ahhh
2025-12-18 20:02:39 [Telemetry] Node !9e77f1a0: battery 101% (4.465 V), up for 110.0 min (~1.83 h)
2025-12-18 20:03:02 [Packet] !4358a2a8 -> ^all on NODEINFO_APP
2025-12-18 20:03:21 [Telemetry] Node !1f6d2344: battery 52% (3.786 V), up for 19.1 min (~0.32 h)
2025-12-18 20:03:39 [Telemetry] Node !9e77f1a0: battery 101% (4.458 V), up for 111.0 min (~1.85 h)
2025-12-18 23:50:26 [INFO] Connecting via TCP 192.168.1.42:4403
2025-12-18 23:50:26 [INFO] Meshtastic connection established
2025-12-18 23:50:26 [INFO] Learned my node ID from myInfo: !9e77f1a0
2025-12-18 23:50:26 [INFO] Listener main loop starting
2025-12-18 23:50:26 [Packet] !1f6d2344 -> ^all on POSITION_APP
2025-12-18 23:50:29 [Text] !16d102f8 -> ^all: Haha. The wind did that for me.
2025-12-18 23:50:44 [Packet] !9e77f1a0 -> ^all on POSITION_APP
2025-12-19 07:23:06 [Telemetry] Node !9e77f1a0: battery 101% (4.616 V), up for 1.0 min (~0.02 h)
2025-12-19 07:23:06 [Telemetry] !9e77f1a0 -> ^all: no device metrics in this packet
2025-12-19 07:24:06 [Telemetry] Node !9e77f1a0: battery 101% (4.714 V), up for 2.0 min (~0.03 h)
2025-12-19 07:24:29 [Packet] !1f6d2344 -> ^all on POSITION_APP
2025-12-19 07:25:06 [Telemetry] Node !9e77f1a0: battery 101% (4.598 V), up for 3.0 min (~0.05 h)
2025-12-19 07:26:06 [Telemetry] Node !9e77f1a0: battery 101% (4.641 V), up for 4.0 min (~0.07 h)
2025-12-19 07:26:25 [Packet] !1f6d2344 -> ^all on POSITION_APP
2025-12-19 07:27:06 [Telemetry] Node !9e77f1a0: battery 101% (4.54 V), up for 5.0 min (~0.08 h)
2025-12-19 07:27:24 [Packet] !1f6d2344 -> ^all on POSITION_APP
2025-12-19 07:27:25 [Telemetry] Node !1f6d2344: battery 20% (3.697 V), up for 703.3 min (~11.72 h)
2025-12-19 07:28:06 [Telemetry] Node !9e77f1a0: battery 101% (4.571 V), up for 6.0 min (~0.10 h)
2025-12-19 07:28:41 [Packet] !1f6d2344 -> ^all on POSITION_APP
2025-12-19 07:29:06 [Telemetry] Node !9e77f1a0: battery 101% (4.57 V), up for 7.0 min (~0.12 h)
2025-12-19 07:30:06 [Telemetry] Node !9e77f1a0: battery 101% (4.649 V), up for 8.0 min (~0.13 h)
2025-12-19 07:31:06 [Telemetry] Node !9e77f1a0: battery 101% (4.499 V), up for 9.0 min (~0.15 h)
2025-12-19 07:31:39 [Packet] !1f6d2344 -> ^all on POSITION_APP
2025-12-19 07:32:06 [Telemetry] Node !9e77f1a0: battery 101% (4.621 V), up for 10.0 min (~0.17 h)
2025-12-19 07:33:06 [Telemetry] Node !9e77f1a0: battery 101% (4.566 V), up for 11.0 min (~0.18 h)
2025-12-19 07:33:35 [Packet] !1f6d2344 -> ^all on POSITION_APP
2025-12-19 07:34:06 [Telemetry] Node !9e77f1a0: battery 101% (4.578 V), up for 12.0 min (~0.20 h)
2025-12-19 07:35:06 [Telemetry] Node !9e77f1a0: battery 101% (4.557 V), up for 13.0 min (~0.22 h)
2025-12-19 07:35:17 [Packet] !1f6d2344 -> ^all on POSITION_APP
2025-12-19 07:36:06 [Telemetry] Node !9e77f1a0: battery 101% (4.579 V), up for 14.0 min (~0.23 h)
2025-12-19 07:37:02 [Packet] !1f6d2344 -> ^all on POSITION_APP
2025-12-19 07:37:06 [Telemetry] Node !9e77f1a0: battery 101% (4.563 V), up for 15.0 min (~0.25 h)
2025-12-19 07:38:06 [Telemetry] Node !9e77f1a0: battery 101% (4.517 V), up for 16.0 min (~0.27 h)
2025-12-19 07:38:06 [Telemetry] !9e77f1a0 -> ^all: no device metrics in this packet
2025-12-19 07:39:06 [Telemetry] Node !9e77f1a0: battery 101% (4.501 V), up for 17.0 min (~0.28 h)
2025-12-19 07:40:06 [Telemetry] Node !9e77f1a0: battery 101% (4.551 V), up for 18.0 min (~0.30 h)
2025-12-19 07:40:37 [Packet] !1f6d2344 -> ^all on POSITION_APP
2025-12-19 07:42:40 [INFO] Connecting via TCP 192.168.1.42:4403
2025-12-19 07:42:43 [WARN] TCP connect failed (192.168.1.42:4403): OSError(113, 'No route to host')
2025-12-19 07:42:43 [INFO] Connecting via serial /dev/ttyUSB0
2025-12-19 07:43:13 [ERROR] Failed to open serial interface /dev/ttyUSB0: MeshInterfaceError('Timed out waiting for connection completion')
2025-12-19 07:43:17 [INFO] Connecting via TCP 192.168.1.42:4403
2025-12-19 07:43:18 [INFO] Learned my node ID from myInfo: !9e77f1a0
2025-12-19 07:43:18 [INFO] Listener main loop starting
2025-12-19 07:43:18 [INFO] Meshtastic connection established
2025-12-19 07:43:18 [Packet] !9e77f1a0 -> ^all on POSITION_APP
2025-12-19 07:43:28 [Packet] !1f6d2344 -> ^all on POSITION_APP
2025-12-19 07:44:46 [Packet] !1f6d2344 -> ^all on NODEINFO_APP
2025-12-19 07:45:17 [Telemetry] Node !9e77f1a0: battery 101% (4.472 V), up for 2.0 min (~0.03 h)
2025-12-19 07:45:17 [Telemetry] !9e77f1a0 -> ^all: no device metrics in this packet
2025-12-19 07:45:17 [Text] !6985ac28 -> ^all: Wthr
2025-12-19 07:45:24 [Telemetry] Node !1f6d2344: battery 19% (3.694 V), up for 721.3 min (~12.02 h)
2025-12-19 07:45:25 [Text] !16d102f8 -> ^all: 🏙️ - Durham
🌡️ - Temperature: 60°F
📊 - Forecast: Rain showers likely before 9am. Sunny. High near 63, with temperatures falling to around 51 in the afternoon. West wind 9 to 18 mph, w...
2025-12-19 07:46:17 [Telemetry] Node !9e77f1a0: battery 101% (4.529 V), up for 3.0 min (~0.05 h)
2025-12-19 07:46:37 [Packet] !1f6d2344 -> ^all on POSITION_APP
2025-12-19 07:47:17 [Telemetry] Node !9e77f1a0: battery 101% (4.543 V), up for 4.0 min (~0.07 h)
2025-12-19 07:48:17 [Telemetry] Node !9e77f1a0: battery 101% (4.571 V), up for 5.0 min (~0.08 h)
2025-12-19 07:48:35 [Packet] !1f6d2344 -> ^all on POSITION_APP
2025-12-19 07:49:17 [Telemetry] Node !9e77f1a0: battery 101% (4.502 V), up for 6.0 min (~0.10 h)
2025-12-19 07:50:17 [Telemetry] Node !9e77f1a0: battery 101% (4.49 V), up for 7.0 min (~0.12 h)
2025-12-19 07:51:11 [Packet] !1f6d2344 -> ^all on POSITION_APP
2025-12-19 07:51:17 [Telemetry] Node !9e77f1a0: battery 101% (4.567 V), up for 8.0 min (~0.13 h)
2025-12-19 07:52:17 [Telemetry] Node !9e77f1a0: battery 101% (4.548 V), up for 9.0 min (~0.15 h)
2025-12-19 07:53:17 [Telemetry] Node !9e77f1a0: battery 101% (4.519 V), up for 10.0 min (~0.17 h)
2025-12-19 07:53:27 [Packet] !1f6d2344 -> ^all on POSITION_APP
2025-12-19 07:54:17 [Telemetry] Node !9e77f1a0: battery 101% (4.528 V), up for 11.0 min (~0.18 h)
2025-12-19 07:55:17 [Telemetry] Node !9e77f1a0: battery 101% (4.507 V), up for 12.0 min (~0.20 h)
2025-12-19 07:55:28 [Packet] !1f6d2344 -> ^all on POSITION_APP
2025-12-19 07:56:17 [Telemetry] Node !9e77f1a0: battery 101% (4.532 V), up for 13.0 min (~0.22 h)
2025-12-19 07:57:17 [Telemetry] Node !9e77f1a0: battery 101% (4.502 V), up for 14.0 min (~0.23 h)
2025-12-19 07:57:21 [Packet] !1f6d2344 -> ^all on POSITION_APP
2025-12-19 07:58:17 [Telemetry] Node !9e77f1a0: battery 101% (4.559 V), up for 15.0 min (~0.25 h)
2025-12-19 07:59:14 [Packet] !1f6d2344 -> ^all on POSITION_APP
2025-12-19 07:59:17 [Telemetry] Node !9e77f1a0: battery 101% (4.519 V), up for 16.0 min (~0.27 h)
2025-12-19 08:00:17 [Telemetry] Node !9e77f1a0: battery 101% (4.538 V), up for 17.0 min (~0.28 h)
2025-12-19 08:00:17 [Telemetry] !9e77f1a0 -> ^all: no device metrics in this packet
2025-12-19 08:01:17 [Telemetry] Node !9e77f1a0: battery 101% (4.551 V), up for 18.0 min (~0.30 h)
2025-12-19 08:02:17 [Telemetry] Node !9e77f1a0: battery 101% (4.537 V), up for 19.0 min (~0.32 h)
2025-12-19 08:03:17 [Telemetry] Node !9e77f1a0: battery 101% (4.527 V), up for 20.0 min (~0.33 h)
2025-12-19 08:03:24 [Telemetry] Node !1f6d2344: battery 18% (3.688 V), up for 739.3 min (~12.32 h)
2025-12-19 08:04:17 [Telemetry] Node !9e77f1a0: battery 101% (4.542 V), up for 21.0 min (~0.35 h)
2025-12-19 08:05:17 [Telemetry] Node !9e77f1a0: battery 101% (4.502 V), up for 22.0 min (~0.37 h)
2025-12-19 08:06:17 [Telemetry] Node !9e77f1a0: battery 101% (4.53 V), up for 23.0 min (~0.38 h)
2025-12-19 08:07:17 [Telemetry] Node !9e77f1a0: battery 101% (4.506 V), up for 24.0 min (~0.40 h)
2025-12-19 08:08:17 [Telemetry] Node !9e77f1a0: battery 101% (4.481 V), up for 25.0 min (~0.42 h)
2025-12-19 08:09:17 [Telemetry] Node !9e77f1a0: battery 101% (4.565 V), up for 26.0 min (~0.43 h)
2025-12-19 08:09:41 [Packet] !913c3b0a -> ^all on POSITION_APP
2025-12-19 08:10:17 [Telemetry] Node !9e77f1a0: battery 101% (4.552 V), up for 27.0 min (~0.45 h)
2025-12-19 08:11:17 [Telemetry] Node !9e77f1a0: battery 101% (4.517 V), up for 28.0 min (~0.47 h)
2025-12-19 08:12:17 [Telemetry] Node !9e77f1a0: battery 101% (4.504 V), up for 29.0 min (~0.48 h)
2025-12-19 08:13:17 [Telemetry] Node !9e77f1a0: battery 101% (4.518 V), up for 30.0 min (~0.50 h)
2025-12-19 08:14:17 [Telemetry] Node !9e77f1a0: battery 101% (4.583 V), up for 31.0 min (~0.52 h)
2025-12-19 08:15:17 [Telemetry] Node !9e77f1a0: battery 101% (4.564 V), up for 32.0 min (~0.53 h)
2025-12-19 08:15:17 [Telemetry] !9e77f1a0 -> ^all: no device metrics in this packet
2025-12-19 08:16:17 [Telemetry] Node !9e77f1a0: battery 101% (4.519 V), up for 33.0 min (~0.55 h)
2025-12-19 08:17:17 [Telemetry] Node !9e77f1a0: battery 101% (4.512 V), up for 34.0 min (~0.57 h)
2025-12-19 08:18:17 [Telemetry] Node !9e77f1a0: battery 101% (4.558 V), up for 35.0 min (~0.58 h)
2025-12-19 08:19:17 [Telemetry] Node !9e77f1a0: battery 101% (4.488 V), up for 36.0 min (~0.60 h)
2025-12-19 08:20:06 [Packet] !9e77f1a0 -> ^all on POSITION_APP
2025-12-19 08:20:17 [Telemetry] Node !9e77f1a0: battery 101% (4.578 V), up for 37.0 min (~0.62 h)
2025-12-19 08:21:17 [Telemetry] Node !9e77f1a0: battery 101% (4.506 V), up for 38.0 min (~0.63 h)
2025-12-19 08:21:24 [Telemetry] Node !1f6d2344: battery 17% (3.685 V), up for 757.3 min (~12.62 h)
2025-12-19 08:22:17 [Telemetry] Node !9e77f1a0: battery 101% (4.503 V), up for 39.0 min (~0.65 h)
2025-12-19 08:23:17 [Telemetry] Node !9e77f1a0: battery 101% (4.487 V), up for 40.0 min (~0.67 h)
2025-12-19 08:24:17 [Telemetry] Node !9e77f1a0: battery 101% (4.558 V), up for 41.0 min (~0.68 h)
2025-12-19 08:25:17 [Telemetry] Node !9e77f1a0: battery 101% (4.515 V), up for 42.0 min (~0.70 h)
2025-12-19 08:26:17 [Telemetry] Node !9e77f1a0: battery 101% (4.483 V), up for 43.0 min (~0.72 h)
2025-12-19 08:27:17 [Telemetry] Node !9e77f1a0: battery 101% (4.548 V), up for 44.0 min (~0.73 h)
2025-12-19 08:28:00 [Packet] None -> ^all on POSITION_APP
2025-12-19 08:28:01 [Packet] !9e77f1a0 -> !9e77f1a0 on ROUTING_APP
2025-12-19 08:28:17 [Telemetry] Node !9e77f1a0: battery 101% (4.486 V), up for 45.0 min (~0.75 h)
2025-12-19 08:29:17 [Telemetry] Node !9e77f1a0: battery 101% (4.478 V), up for 46.0 min (~0.77 h)
2025-12-19 08:30:17 [Telemetry] Node !9e77f1a0: battery 101% (4.516 V), up for 47.0 min (~0.78 h)
2025-12-19 08:30:17 [Telemetry] !9e77f1a0 -> ^all: no device metrics in this packet
2025-12-19 08:31:17 [Telemetry] Node !9e77f1a0: battery 101% (4.583 V), up for 48.0 min (~0.80 h)
2025-12-19 08:32:17 [Telemetry] Node !9e77f1a0: battery 101% (4.481 V), up for 49.0 min (~0.82 h)
2025-12-19 08:33:17 [Telemetry] Node !9e77f1a0: battery 101% (4.507 V), up for 50.0 min (~0.83 h)
2025-12-19 08:34:17 [Telemetry] Node !9e77f1a0: battery 101% (4.558 V), up for 51.0 min (~0.85 h)
2025-12-19 08:34:53 [Packet] !913c3b0a -> ^all on POSITION_APP
2025-12-19 08:35:14 [Packet] !1f6d2344 -> ^all on POSITION_APP
2025-12-19 08:35:17 [Telemetry] Node !9e77f1a0: battery 101% (4.594 V), up for 52.0 min (~0.87 h)
2025-12-19 08:36:17 [Telemetry] Node !9e77f1a0: battery 101% (4.472 V), up for 53.0 min (~0.88 h)
2025-12-19 08:37:17 [Telemetry] Node !9e77f1a0: battery 101% (4.491 V), up for 54.0 min (~0.90 h)
2025-12-19 08:38:17 [Telemetry] Node !9e77f1a0: battery 101% (4.521 V), up for 55.0 min (~0.92 h)
2025-12-19 08:39:17 [Telemetry] Node !9e77f1a0: battery 101% (4.543 V), up for 56.0 min (~0.93 h)
2025-12-19 08:39:25 [Telemetry] Node !1f6d2344: battery 17% (3.682 V), up for 775.3 min (~12.92 h)
2025-12-19 08:40:17 [Telemetry] Node !9e77f1a0: battery 101% (4.496 V), up for 57.0 min (~0.95 h)
2025-12-19 08:41:10 [Packet] !913c3b0a -> ^all on POSITION_APP
2025-12-19 08:41:17 [Telemetry] Node !9e77f1a0: battery 101% (4.444 V), up for 58.0 min (~0.97 h)
2025-12-19 08:42:17 [Telemetry] Node !9e77f1a0: battery 101% (4.454 V), up for 59.0 min (~0.98 h)
2025-12-19 08:43:18 [Telemetry] Node !9e77f1a0: battery 101% (4.463 V), up for 60.0 min (~1.00 h)
2025-12-19 08:44:17 [Telemetry] Node !9e77f1a0: battery 101% (4.579 V), up for 61.0 min (~1.02 h)
2025-12-19 08:45:17 [Telemetry] Node !9e77f1a0: battery 101% (4.438 V), up for 62.0 min (~1.03 h)
2025-12-19 08:45:17 [Telemetry] !9e77f1a0 -> ^all: no device metrics in this packet
2025-12-19 08:46:17 [Packet] !913c3b0a -> ^all on POSITION_APP
2025-12-19 08:46:17 [Telemetry] Node !9e77f1a0: battery 101% (4.425 V), up for 63.0 min (~1.05 h)
2025-12-19 08:47:17 [Telemetry] Node !9e77f1a0: battery 101% (4.431 V), up for 64.0 min (~1.07 h)
2025-12-19 08:48:17 [Telemetry] Node !9e77f1a0: battery 101% (4.432 V), up for 65.0 min (~1.08 h)
2025-12-19 08:49:17 [Telemetry] Node !9e77f1a0: battery 101% (4.429 V), up for 66.0 min (~1.10 h)
2025-12-19 08:50:17 [Telemetry] Node !9e77f1a0: battery 101% (4.582 V), up for 67.0 min (~1.12 h)
2025-12-19 08:50:36 [Text] !33510bfe -> ^all: Wthr
2025-12-19 08:50:38 [Text] !16d102f8 -> ^all: 🏙️ - Pinnacle
🌡️ - Temperature: 48°F
📊 - Forecast: Sunny. High near 50, with temperatures falling to around 44 in the afternoon. West wind 9 to 17 mph, with gusts as high as 39 mph.
2025-12-19 08:51:17 [Telemetry] Node !9e77f1a0: battery 101% (4.48 V), up for 68.0 min (~1.13 h)
2025-12-19 08:52:17 [Telemetry] Node !9e77f1a0: battery 101% (4.456 V), up for 69.0 min (~1.15 h)
2025-12-19 08:53:17 [Telemetry] Node !9e77f1a0: battery 101% (4.437 V), up for 70.0 min (~1.17 h)
2025-12-19 08:54:17 [Telemetry] Node !9e77f1a0: battery 101% (4.438 V), up for 71.0 min (~1.18 h)
2025-12-19 08:55:17 [Telemetry] Node !9e77f1a0: battery 101% (4.438 V), up for 72.0 min (~1.20 h)
2025-12-19 08:56:08 [Packet] !9e77f1a0 -> ^all on POSITION_APP
2025-12-19 08:56:17 [Telemetry] Node !9e77f1a0: battery 101% (4.438 V), up for 73.0 min (~1.22 h)
2025-12-19 08:57:17 [Telemetry] Node !9e77f1a0: battery 101% (4.437 V), up for 74.0 min (~1.23 h)
2025-12-19 08:57:25 [Telemetry] Node !1f6d2344: battery 17% (3.683 V), up for 793.3 min (~13.22 h)
2025-12-19 08:58:17 [Telemetry] Node !9e77f1a0: battery 101% (4.428 V), up for 75.0 min (~1.25 h)
2025-12-19 08:58:50 [Packet] !69853f7c -> ^all on POSITION_APP
2025-12-19 08:59:17 [Telemetry] Node !9e77f1a0: battery 101% (4.511 V), up for 76.0 min (~1.27 h)
2025-12-19 09:00:17 [Telemetry] Node !9e77f1a0: battery 101% (4.568 V), up for 77.0 min (~1.28 h)
2025-12-19 09:00:17 [Telemetry] !9e77f1a0 -> ^all: no device metrics in this packet
2025-12-19 09:00:42 [Text] !b757d4d0 -> ^all: For the record. Nano g2 has a buzzer and sounds like a tornado warning. That is awful.
2025-12-19 09:01:16 [Text] !6985ac28 -> ^all: I really dislike nodes with buzzers
2025-12-19 09:01:17 [Telemetry] Node !9e77f1a0: battery 101% (4.561 V), up for 78.0 min (~1.30 h)
2025-12-19 09:01:51 [Text] !6985ac28 -> ^all: I find them annoying.
2025-12-19 09:02:17 [Telemetry] Node !9e77f1a0: battery 101% (4.556 V), up for 79.0 min (~1.32 h)
2025-12-19 09:03:17 [Telemetry] Node !9e77f1a0: battery 101% (4.521 V), up for 80.0 min (~1.33 h)
2025-12-19 09:04:17 [Telemetry] Node !9e77f1a0: battery 101% (4.499 V), up for 81.0 min (~1.35 h)
2025-12-19 09:05:17 [Telemetry] Node !9e77f1a0: battery 101% (4.45 V), up for 82.0 min (~1.37 h)
2025-12-19 09:06:17 [Telemetry] Node !9e77f1a0: battery 101% (4.52 V), up for 83.0 min (~1.38 h)
2025-12-19 09:07:17 [Telemetry] Node !9e77f1a0: battery 101% (4.557 V), up for 84.0 min (~1.40 h)
2025-12-19 09:08:17 [Telemetry] Node !9e77f1a0: battery 101% (4.514 V), up for 85.0 min (~1.42 h)
2025-12-19 09:09:17 [Telemetry] Node !9e77f1a0: battery 101% (4.445 V), up for 86.0 min (~1.43 h)
2025-12-19 09:09:34 [Packet] !9eecb2cc -> ^all on POSITION_APP
2025-12-19 09:09:34 [Packet] !9e77f1a0 -> !9e77f1a0 on ROUTING_APP
2025-12-19 09:10:17 [Telemetry] Node !9e77f1a0: battery 101% (4.416 V), up for 87.0 min (~1.45 h)
2025-12-19 09:11:17 [Telemetry] Node !9e77f1a0: battery 101% (4.553 V), up for 88.0 min (~1.47 h)
2025-12-19 09:12:17 [Telemetry] Node !9e77f1a0: battery 101% (4.517 V), up for 89.0 min (~1.48 h)
2025-12-19 09:13:17 [Telemetry] Node !9e77f1a0: battery 101% (4.536 V), up for 90.0 min (~1.50 h)
2025-12-19 09:14:17 [Telemetry] Node !9e77f1a0: battery 101% (4.566 V), up for 91.0 min (~1.52 h)
2025-12-19 09:15:17 [Telemetry] Node !9e77f1a0: battery 101% (4.521 V), up for 92.0 min (~1.53 h)
2025-12-19 09:15:17 [Telemetry] !9e77f1a0 -> ^all: no device metrics in this packet
2025-12-19 09:15:49 [Text] !b757d4d0 -> ^all: 💯
2025-12-19 09:16:17 [Telemetry] Node !9e77f1a0: battery 101% (4.475 V), up for 93.0 min (~1.55 h)
2025-12-19 09:17:17 [Telemetry] Node !9e77f1a0: battery 101% (4.507 V), up for 94.0 min (~1.57 h)
2025-12-19 09:18:17 [Telemetry] Node !9e77f1a0: battery 101% (4.483 V), up for 95.0 min (~1.58 h)
2025-12-19 09:19:17 [Telemetry] Node !9e77f1a0: battery 101% (4.522 V), up for 96.0 min (~1.60 h)
2025-12-19 09:20:17 [Telemetry] Node !9e77f1a0: battery 101% (4.55 V), up for 97.0 min (~1.62 h)
2025-12-19 09:21:17 [Telemetry] Node !9e77f1a0: battery 101% (4.47 V), up for 98.0 min (~1.63 h)
2025-12-19 09:22:17 [Telemetry] Node !9e77f1a0: battery 101% (4.508 V), up for 99.0 min (~1.65 h)
2025-12-19 09:22:18 [Packet] !9eecb2cc -> ^all on POSITION_APP
2025-12-19 09:22:18 [Packet] !9e77f1a0 -> !9e77f1a0 on ROUTING_APP
2025-12-19 09:23:17 [Telemetry] Node !9e77f1a0: battery 101% (4.57 V), up for 100.0 min (~1.67 h)
2025-12-19 09:24:17 [Telemetry] Node !9e77f1a0: battery 101% (4.527 V), up for 101.0 min (~1.68 h)
2025-12-19 09:25:17 [Telemetry] Node !9e77f1a0: battery 101% (4.461 V), up for 102.0 min (~1.70 h)
2025-12-19 09:26:17 [Telemetry] Node !9e77f1a0: battery 101% (4.543 V), up for 103.0 min (~1.72 h)
2025-12-19 09:27:17 [Telemetry] Node !9e77f1a0: battery 101% (4.496 V), up for 104.0 min (~1.73 h)
2025-12-19 09:28:17 [Telemetry] Node !9e77f1a0: battery 101% (4.512 V), up for 105.0 min (~1.75 h)
2025-12-19 09:29:17 [Telemetry] Node !9e77f1a0: battery 101% (4.519 V), up for 106.0 min (~1.77 h)
2025-12-19 09:30:17 [Telemetry] Node !9e77f1a0: battery 101% (4.448 V), up for 107.0 min (~1.78 h)
2025-12-19 09:30:17 [Telemetry] !9e77f1a0 -> ^all: no device metrics in this packet
2025-12-19 09:31:17 [Telemetry] Node !9e77f1a0: battery 101% (4.546 V), up for 108.0 min (~1.80 h)
2025-12-19 09:32:10 [Packet] !9e77f1a0 -> ^all on POSITION_APP
2025-12-19 09:32:17 [Telemetry] Node !9e77f1a0: battery 101% (4.488 V), up for 109.0 min (~1.82 h)
2025-12-19 09:33:17 [Telemetry] Node !9e77f1a0: battery 101% (4.514 V), up for 110.0 min (~1.83 h)
2025-12-19 09:33:25 [Telemetry] Node !1f6d2344: battery 16% (3.678 V), up for 829.3 min (~13.82 h)
2025-12-19 09:34:17 [Telemetry] Node !9e77f1a0: battery 101% (4.513 V), up for 111.0 min (~1.85 h)
2025-12-19 09:35:17 [Telemetry] Node !9e77f1a0: battery 101% (4.476 V), up for 112.0 min (~1.87 h)
2025-12-19 09:36:17 [Telemetry] Node !9e77f1a0: battery 101% (4.455 V), up for 113.0 min (~1.88 h)
2025-12-19 09:37:17 [Telemetry] Node !9e77f1a0: battery 101% (4.545 V), up for 114.0 min (~1.90 h)
2025-12-19 09:38:17 [Telemetry] Node !9e77f1a0: battery 101% (4.531 V), up for 115.0 min (~1.92 h)
2025-12-19 09:38:23 [Packet] !1f6d2344 -> ^all on POSITION_APP
2025-12-19 09:39:17 [Telemetry] Node !9e77f1a0: battery 101% (4.497 V), up for 116.0 min (~1.93 h)
2025-12-19 09:40:08 [Packet] !913c3b0a -> ^all on POSITION_APP
2025-12-19 09:40:17 [Telemetry] Node !9e77f1a0: battery 101% (4.5 V), up for 117.0 min (~1.95 h)
2025-12-19 09:40:49 [Packet] !913c3b0a -> ^all on POSITION_APP
2025-12-19 09:41:17 [Telemetry] Node !9e77f1a0: battery 101% (4.469 V), up for 118.0 min (~1.97 h)
2025-12-19 09:42:17 [Telemetry] Node !9e77f1a0: battery 101% (4.546 V), up for 119.0 min (~1.98 h)
2025-12-19 09:43:17 [Telemetry] Node !9e77f1a0: battery 101% (4.52 V), up for 120.0 min (~2.00 h)
2025-12-19 09:44:08 [Packet] !913c3b0a -> ^all on POSITION_APP
2025-12-19 09:44:17 [Telemetry] Node !9e77f1a0: battery 101% (4.434 V), up for 121.0 min (~2.02 h)
2025-12-19 09:45:17 [Telemetry] Node !9e77f1a0: battery 101% (4.549 V), up for 122.0 min (~2.03 h)
2025-12-19 09:45:17 [Telemetry] !9e77f1a0 -> ^all: no device metrics in this packet
2025-12-19 09:46:17 [Telemetry] Node !9e77f1a0: battery 101% (4.556 V), up for 123.0 min (~2.05 h)
2025-12-19 09:47:17 [Telemetry] Node !9e77f1a0: battery 101% (4.496 V), up for 124.0 min (~2.07 h)
2025-12-19 09:48:17 [Telemetry] Node !9e77f1a0: battery 101% (4.441 V), up for 125.0 min (~2.08 h)
2025-12-19 09:49:17 [Telemetry] Node !9e77f1a0: battery 101% (4.565 V), up for 126.0 min (~2.10 h)
2025-12-19 09:50:17 [Telemetry] Node !9e77f1a0: battery 101% (4.501 V), up for 127.0 min (~2.12 h)
2025-12-19 09:50:42 [Packet] !913c3b0a -> ^all on POSITION_APP
2025-12-19 09:51:17 [Telemetry] Node !9e77f1a0: battery 101% (4.506 V), up for 128.0 min (~2.13 h)
2025-12-19 09:51:25 [Telemetry] Node !1f6d2344: battery 15% (3.67 V), up for 847.3 min (~14.12 h)
2025-12-19 09:52:17 [Telemetry] Node !9e77f1a0: battery 101% (4.461 V), up for 129.0 min (~2.15 h)
2025-12-19 09:53:17 [Telemetry] Node !9e77f1a0: battery 101% (4.519 V), up for 130.0 min (~2.17 h)
2025-12-19 09:54:17 [Telemetry] Node !9e77f1a0: battery 101% (4.534 V), up for 131.0 min (~2.18 h)
2025-12-19 09:55:17 [Telemetry] Node !9e77f1a0: battery 101% (4.51 V), up for 132.0 min (~2.20 h)
2025-12-19 09:56:17 [Telemetry] Node !9e77f1a0: battery 101% (4.45 V), up for 133.0 min (~2.22 h)
2025-12-19 09:57:17 [Telemetry] Node !9e77f1a0: battery 101% (4.558 V), up for 134.0 min (~2.23 h)
2025-12-19 09:58:17 [Telemetry] Node !9e77f1a0: battery 101% (4.517 V), up for 135.0 min (~2.25 h)
2025-12-19 09:59:17 [Telemetry] Node !9e77f1a0: battery 101% (4.449 V), up for 136.0 min (~2.27 h)
2025-12-19 10:00:17 [Telemetry] Node !9e77f1a0: battery 101% (4.53 V), up for 137.0 min (~2.28 h)
2025-12-19 10:00:17 [Telemetry] !9e77f1a0 -> ^all: no device metrics in this packet
2025-12-19 10:01:17 [Telemetry] Node !9e77f1a0: battery 101% (4.543 V), up for 138.0 min (~2.30 h)
2025-12-19 10:02:17 [Telemetry] Node !9e77f1a0: battery 101% (4.508 V), up for 139.0 min (~2.32 h)
2025-12-19 10:03:17 [Telemetry] Node !9e77f1a0: battery 101% (4.473 V), up for 140.0 min (~2.33 h)
2025-12-19 10:04:17 [Telemetry] Node !9e77f1a0: battery 101% (4.443 V), up for 141.0 min (~2.35 h)
2025-12-19 10:04:18 [Packet] !913c3b0a -> ^all on POSITION_APP
2025-12-19 10:05:17 [Telemetry] Node !9e77f1a0: battery 101% (4.454 V), up for 142.0 min (~2.37 h)
2025-12-19 10:05:40 [Packet] !913c3b0a -> ^all on POSITION_APP
2025-12-19 10:06:17 [Telemetry] Node !9e77f1a0: battery 101% (4.522 V), up for 143.0 min (~2.38 h)
2025-12-19 10:07:17 [Telemetry] Node !9e77f1a0: battery 101% (4.579 V), up for 144.0 min (~2.40 h)
2025-12-19 10:08:11 [Packet] !913c3b0a -> ^all on POSITION_APP
2025-12-19 10:08:12 [Packet] !9e77f1a0 -> ^all on POSITION_APP
2025-12-19 10:08:17 [Telemetry] Node !9e77f1a0: battery 101% (4.517 V), up for 145.0 min (~2.42 h)
2025-12-19 10:09:17 [Telemetry] Node !9e77f1a0: battery 101% (4.475 V), up for 146.0 min (~2.43 h)
2025-12-19 10:09:25 [Telemetry] Node !1f6d2344: battery 14% (3.666 V), up for 865.3 min (~14.42 h)
2025-12-19 10:10:17 [Telemetry] Node !9e77f1a0: battery 101% (4.454 V), up for 147.0 min (~2.45 h)
2025-12-19 10:11:17 [Telemetry] Node !9e77f1a0: battery 101% (4.554 V), up for 148.0 min (~2.47 h)
2025-12-19 10:11:49 [Packet] !913c3b0a -> ^all on POSITION_APP
2025-12-19 10:12:17 [Telemetry] Node !9e77f1a0: battery 101% (4.546 V), up for 149.0 min (~2.48 h)
2025-12-19 10:13:17 [Telemetry] Node !9e77f1a0: battery 101% (4.499 V), up for 150.0 min (~2.50 h)
2025-12-19 10:14:17 [Telemetry] Node !9e77f1a0: battery 101% (4.441 V), up for 151.0 min (~2.52 h)
2025-12-19 10:14:24 [Packet] !1f6d2344 -> ^all on POSITION_APP
2025-12-19 10:15:17 [Telemetry] Node !9e77f1a0: battery 101% (4.421 V), up for 152.0 min (~2.53 h)
2025-12-19 10:15:17 [Telemetry] !9e77f1a0 -> ^all: no device metrics in this packet
2025-12-19 10:16:17 [Telemetry] Node !9e77f1a0: battery 101% (4.537 V), up for 153.0 min (~2.55 h)
2025-12-19 10:16:20 [Packet] !913c3b0a -> ^all on POSITION_APP
2025-12-19 10:17:17 [Telemetry] Node !9e77f1a0: battery 101% (4.509 V), up for 154.0 min (~2.57 h)
2025-12-19 10:18:17 [Telemetry] Node !9e77f1a0: battery 101% (4.438 V), up for 155.0 min (~2.58 h)
2025-12-19 10:19:17 [Telemetry] Node !9e77f1a0: battery 101% (4.548 V), up for 156.0 min (~2.60 h)
2025-12-19 10:19:35 [Text] !b19d95c2 -> ^all: 👍
2025-12-19 10:20:17 [Telemetry] Node !9e77f1a0: battery 101% (4.504 V), up for 157.0 min (~2.62 h)
2025-12-19 10:20:31 [Packet] !913c3b0a -> ^all on POSITION_APP
2025-12-19 10:21:17 [Telemetry] Node !9e77f1a0: battery 101% (4.525 V), up for 158.0 min (~2.63 h)
2025-12-19 10:23:17 [Telemetry] Node !9e77f1a0: battery 101% (4.543 V), up for 160.1 min (~2.67 h)
2025-12-19 12:50:31 [INFO] Received signal 15, shutting down.
2025-12-19 12:50:32 [INFO] Closing Meshtastic interface
2025-12-19 12:51:02 [INFO] Connecting via TCP 192.168.1.42:4403
2025-12-19 12:51:02 [INFO] Learned my node ID from myInfo: !9e77f1a0
2025-12-19 12:51:02 [INFO] Listener main loop starting
2025-12-19 12:51:02 [INFO] Meshtastic connection established
2025-12-19 12:51:13 [Telemetry] Node !1f6d2344: battery 101% (3.903 V), up for 1027.3 min (~17.12 h)
2025-12-19 12:51:40 [Packet] !9e77f1a0 -> ^all on POSITION_APP
2025-12-19 12:51:55 [Telemetry] Node !9e77f1a0: battery 101% (4.374 V), up for 1.0 min (~0.02 h)
2025-12-19 12:51:55 [Telemetry] !9e77f1a0 -> ^all: no device metrics in this packet
2025-12-19 12:52:55 [Telemetry] Node !9e77f1a0: battery 101% (4.464 V), up for 2.0 min (~0.03 h)
2025-12-19 12:53:55 [Telemetry] Node !9e77f1a0: battery 101% (4.434 V), up for 3.0 min (~0.05 h)
2025-12-19 12:54:55 [Telemetry] Node !9e77f1a0: battery 101% (4.465 V), up for 4.0 min (~0.07 h)
2025-12-19 12:55:55 [Telemetry] Node !9e77f1a0: battery 101% (4.449 V), up for 5.0 min (~0.08 h)
2025-12-19 12:56:55 [Telemetry] Node !9e77f1a0: battery 101% (4.502 V), up for 6.0 min (~0.10 h)
2025-12-19 12:57:06 [Text] !37d30430 -> ^all: 👍
2025-12-19 12:57:55 [Telemetry] Node !9e77f1a0: battery 101% (4.493 V), up for 7.0 min (~0.12 h)
2025-12-19 12:58:55 [Telemetry] Node !9e77f1a0: battery 101% (4.544 V), up for 8.0 min (~0.13 h)
2025-12-19 12:59:55 [Telemetry] Node !9e77f1a0: battery 101% (4.477 V), up for 9.0 min (~0.15 h)
2025-12-19 13:00:55 [Telemetry] Node !9e77f1a0: battery 101% (4.442 V), up for 10.0 min (~0.17 h)
2025-12-19 13:01:55 [Telemetry] Node !9e77f1a0: battery 101% (4.494 V), up for 11.0 min (~0.18 h)
2025-12-19 13:02:55 [Telemetry] Node !9e77f1a0: battery 101% (4.479 V), up for 12.0 min (~0.20 h)
2025-12-19 13:03:55 [Telemetry] Node !9e77f1a0: battery 101% (4.538 V), up for 13.0 min (~0.22 h)
2025-12-19 13:04:52 [Packet] None -> ^all on POSITION_APP
2025-12-19 13:04:52 [Packet] !9e77f1a0 -> !9e77f1a0 on ROUTING_APP
2025-12-19 13:04:55 [Telemetry] Node !9e77f1a0: battery 101% (4.524 V), up for 14.0 min (~0.23 h)
2025-12-19 13:05:55 [Telemetry] Node !9e77f1a0: battery 101% (4.462 V), up for 15.0 min (~0.25 h)
2025-12-19 13:06:55 [Telemetry] Node !9e77f1a0: battery 101% (4.501 V), up for 16.0 min (~0.27 h)
2025-12-19 13:06:55 [Telemetry] !9e77f1a0 -> ^all: no device metrics in this packet
2025-12-19 13:07:55 [Telemetry] Node !9e77f1a0: battery 101% (4.487 V), up for 17.0 min (~0.28 h)
2025-12-19 13:08:55 [Telemetry] Node !9e77f1a0: battery 101% (4.476 V), up for 18.0 min (~0.30 h)
2025-12-19 13:09:27 [Telemetry] Node !1f6d2344: battery 101% (3.92 V), up for 1045.3 min (~17.42 h)
2025-12-19 13:09:55 [Telemetry] Node !9e77f1a0: battery 101% (4.453 V), up for 19.0 min (~0.32 h)
2025-12-19 13:10:55 [Telemetry] Node !9e77f1a0: battery 101% (4.525 V), up for 20.0 min (~0.33 h)
2025-12-19 13:11:55 [Telemetry] Node !9e77f1a0: battery 101% (4.488 V), up for 21.0 min (~0.35 h)
2025-12-19 13:12:55 [Telemetry] Node !9e77f1a0: battery 101% (4.489 V), up for 22.0 min (~0.37 h)
2025-12-19 13:13:55 [Telemetry] Node !9e77f1a0: battery 101% (4.44 V), up for 23.0 min (~0.38 h)
2025-12-19 13:14:55 [Telemetry] Node !9e77f1a0: battery 101% (4.507 V), up for 24.0 min (~0.40 h)
